ID,Site,Treatment,Alley,Sample,Date,Species,Sex,TaxGroup
1F,1,af,a1,s8,17/03/2023,Andrena bicolor,F,Anthophila
6N,1,af,a2,s3,17/03/2023,Andrena bicolor,F,Anthophila
2B,1,af,a1,s8,17/03/2023,Andrena bicolor,F,Anthophila
25C,1,af,a2,s7,25/04/2023,Andrena bicolor,F,Anthophila
25D,1,af,a1,s4,25/04/2023,Andrena bicolor,F,Anthophila
23N,1,af,a1,s4,25/04/2023,Andrena bicolor,F,Anthophila
19H,1,af,a2,s6,25/04/2023,Andrena bicolor,F,Anthophila
18G,1,af,a2,s3,25/04/2023,Andrena bicolor,F,Anthophila
20M,1,af,a2,s3,25/04/2023,Andrena bicolor,F,Anthophila
16K,1,af,a1,s3,25/04/2023,Andrena bicolor,F,Anthophila
16L,1,af,a1,s3,25/04/2023,Andrena bicolor,F,Anthophila
16N,1,af,a1,s3,25/04/2023,Andrena bicolor,F,Anthophila
14O,1,af,a1,s2,25/04/2023,Andrena bicolor,F,Anthophila
14L,1,af,a1,s2,25/04/2023,Andrena bicolor,F,Anthophila
27D,1,af,a1,s4,25/04/2023,Andrena bicolor,F,Anthophila
7F,1,af,a1,s5,25/04/2023,Andrena bicolor,F,Anthophila
4H,1,af,a1,s6,25/04/2023,Andrena bicolor,F,Anthophila
10L,1,af,a2,s4,25/04/2023,Andrena bicolor,F,Anthophila
9M,1,af,a2,s4,25/04/2023,Andrena bicolor,F,Anthophila
4L,1,af,a1,s8,25/04/2023,Andrena bicolor,F,Anthophila
15B,1,af,a1,s4,25/04/2023,Andrena bicolor,F,Anthophila
10J,1,af,a2,s4,25/04/2023,Andrena bicolor,F,Anthophila
19C,1,af,a1,s3,25/08/2023,Andrena bicolor,F,Anthophila
4N,1,af,a1,s1,25/08/2023,Andrena bicolor,F,Anthophila
4D,1,af,a1,s8,25/08/2023,Andrena bicolor,F,Anthophila
3P,1,af,a1,s8,25/08/2023,Andrena bicolor,F,Anthophila
17H,1,af,a1,s2,25/08/2023,Andrena bicolor,F,Anthophila
19K,1,af,a1,s1,25/07/2023,Andrena bicolor,F,Anthophila
17G,1,af,a1,s2,25/08/2023,Andrena bicolor,F,Anthophila
5C,1,af,a2,s6,22/05/2023,Andrena bicolor,F,Anthophila
3O,1,af,a1,s7,25/08/2023,Andrena bicolor,F,Anthophila
6Q,1,c,a1,s2,17/03/2023,Andrena bicolor,M,Anthophila
23P,1,c,a2,s6,25/04/2023,Andrena bicolor,F,Anthophila
25F,1,c,a2,s6,25/04/2023,Andrena bicolor,F,Anthophila
11P,1,c,a2,s2,25/04/2023,Andrena bicolor,F,Anthophila
21F,1,c,a2,s3,25/04/2023,Andrena bicolor,F,Anthophila
22G,1,c,a2,s6,25/04/2023,Andrena bicolor,F,Anthophila
2J,1,c,a2,s1,25/04/2023,Andrena bicolor,F,Anthophila
11Q,1,c,a2,s2,25/04/2023,Andrena bicolor,F,Anthophila
2I,1,c,a2,s1,25/04/2023,Andrena bicolor,F,Anthophila
12A,1,c,a2,s2,25/04/2023,Andrena bicolor,F,Anthophila
1I,1,c,a1,s5,17/03/2023,Andrena bicolor,F,Anthophila
22N,1,c,a2,s4,25/04/2023,Andrena bicolor,F,Anthophila
22F,1,c,a2,s4,25/04/2023,Andrena bicolor,F,Anthophila
6P,1,c,a1,s7,17/03/2023,Andrena bicolor,F,Anthophila
25M,1,c,a2,s4,25/04/2023,Andrena bicolor,F,Anthophila
21P,1,c,a2,s8,25/04/2023,Andrena bicolor,F,Anthophila
22O,1,c,a2,s4,25/04/2023,Andrena bicolor,F,Anthophila
25J,1,c,a2,s6,25/04/2023,Andrena bicolor,F,Anthophila
22P,1,c,a2,s4,25/04/2023,Andrena bicolor,F,Anthophila
11J,1,c,a2,s5,25/04/2023,Andrena bicolor,F,Anthophila
11K,1,c,a2,s5,25/04/2023,Andrena bicolor,F,Anthophila
24H,1,c,a2,s4,25/04/2023,Andrena bicolor,F,Anthophila
25N,1,c,a2,s3,25/04/2023,Andrena bicolor,F,Anthophila
5J,1,c,a2,s7,25/04/2023,Andrena bicolor,F,Anthophila
5N,1,c,a2,s7,25/04/2023,Andrena bicolor,F,Anthophila
22Q,1,c,a2,s3,25/04/2023,Andrena bicolor,F,Anthophila
2N,1,c,a2,s7,25/04/2023,Andrena bicolor,F,Anthophila
12D,1,c,a2,s2,25/04/2023,Andrena bicolor,F,Anthophila
25G,1,c,a2,s6,25/04/2023,Andrena bicolor,F,Anthophila
2L,1,c,a2,s7,25/04/2023,Andrena bicolor,F,Anthophila
10I,1,c,a1,s4,25/08/2023,Andrena bicolor,F,Anthophila
20G,1,c,a1,s6,25/08/2023,Andrena bicolor,F,Anthophila
16D,1,c,a2,s8,25/07/2023,Andrena bicolor,F,Anthophila
14C,1,c,a1,s2,25/08/2023,Andrena bicolor,F,Anthophila
16C,1,c,a2,s3,25/07/2023,Andrena bicolor,F,Anthophila
21M,1,c,a2,s4,25/08/2023,Andrena bicolor,F,Anthophila
1J,1,c,a2,s7,22/05/2023,Andrena bicolor,F,Anthophila
26B,1,c,a2,s3,25/04/2023,Andrena bicolor,F,Anthophila
27F,1,c,a2,s3,25/04/2023,Andrena bicolor,F,Anthophila
7A,1,c,a1,s2,17/03/2023,Andrena bicolor,F,Anthophila
22J,1,c,a2,s6,25/04/2023,Andrena bicolor,F,Anthophila
5F,1,c,a1,s2,17/03/2023,Andrena bicolor,F,Anthophila
5I,1,c,a1,s2,17/03/2023,Andrena bicolor,F,Anthophila
24D,1,c,a2,s6,25/04/2023,Andrena bicolor,F,Anthophila
6R,1,c,a1,s7,17/03/2023,Andrena bicolor,F,Anthophila
2M,1,c,a2,s7,25/04/2023,Andrena bicolor,F,Anthophila
5N,1,c,a2,s7,25/04/2023,Andrena bicolor,F,Anthophila
6J,1,c,a1,s2,17/03/2023,Andrena bicolor,F,Anthophila
13K,1,c,a1,s2,17/03/2023,Andrena bicolor,M,Anthophila
6G,1,c,a1,s2,17/03/2023,Andrena bicolor,M,Anthophila
13M,1,c,a1,s4,17/03/2023,Andrena bicolor,M,Anthophila
5G,1,c,a1,s2,17/03/2023,Andrena bicolor,M,Anthophila
10B,2,af,a1,s-,20/04/2023,Andrena bicolor,F,Anthophila
4Q,2,af,a2,s6,20/04/2023,Andrena bicolor,F,Anthophila
17C,2,af,a2,s7,20/04/2023,Andrena bicolor,M,Anthophila
10E,2,c,a2,s8,24/05/2023,Andrena bicolor,F,Anthophila
8J,3,af,a1,s8,22/03/2023,Andrena bicolor,F,Anthophila
8D,3,af,a1,s1,22/03/2023,Andrena bicolor,F,Anthophila
1N,3,af,a1,s4,22/03/2023,Andrena bicolor,F,Anthophila
2C,3,af,m3,na,22/03/2023,Andrena bicolor,F,Anthophila
8K,3,af,a1,s8,22/03/2023,Andrena bicolor,F,Anthophila
8M,3,af,m3,na,22/03/2023,Andrena bicolor,F,Anthophila
8P,3,af,m3,na,22/03/2023,Andrena bicolor,F,Anthophila
2K,3,af,a2,s6,27/07/2023,Andrena bicolor,F,Anthophila
10P,3,af,a2,s7,19/04/2023,Andrena bicolor,F,Anthophila
21G,3,af,a1,s5,19/04/2023,Andrena bicolor,F,Anthophila
16A,3,af,a2,s8,19/04/2023,Andrena bicolor,F,Anthophila
18A,3,af,a1,s1,19/04/2023,Andrena bicolor,F,Anthophila
16B,3,af,a2,s8,19/04/2023,Andrena bicolor,F,Anthophila
9C,3,af,a1,s4,19/04/2023,Andrena bicolor,F,Anthophila
8I,3,af,a2,s3,22/03/2023,Andrena bicolor,F,Anthophila
8L,3,af,m3,na,22/03/2023,Andrena bicolor,F,Anthophila
10N,3,af,a2,s7,19/04/2023,Andrena bicolor,F,Anthophila
10Q,3,af,a2,s3,19/04/2023,Andrena bicolor,F,Anthophila
17I,3,af,a1,s5,27/07/2023,Andrena bicolor,F,Anthophila
8Q,3,af,m3,na,22/03/2023,Andrena bicolor,F,Anthophila
23E,3,af,a1,s2,19/04/2023,Andrena bicolor,M,Anthophila
9A,3,af,m3,na,22/03/2023,Andrena bicolor,M,Anthophila
18B,3,af,a1,s1,19/04/2023,Andrena bicolor,M,Anthophila
13O,3,af,a1,s4,19/04/2023,Andrena bicolor,M,Anthophila
100L,3,af,m3,na,22/03/2023,Andrena bicolor,F,Anthophila
3N,3,c,a1,s2,27/07/2023,Andrena bicolor,F,Anthophila
21I,3,c,a2,s6,27/07/2023,Andrena bicolor,F,Anthophila
7L,3,c,a1,s8,27/07/2023,Andrena bicolor,F,Anthophila
17N,3,c,a2,s1,27/07/2023,Andrena bicolor,F,Anthophila
7J,3,c,a1,s8,27/07/2023,Andrena bicolor,F,Anthophila
17M,3,c,a2,s1,27/07/2023,Andrena bicolor,F,Anthophila
17L,3,c,a2,s4,27/07/2023,Andrena bicolor,F,Anthophila
16O,3,c,a2,s2,19/04/2023,Andrena bicolor,F,Anthophila
18J,3,c,a2,s5,19/04/2023,Andrena bicolor,F,Anthophila
18K,3,c,a2,s1,19/04/2023,Andrena bicolor,F,Anthophila
18I,3,c,a1,s4,19/04/2023,Andrena bicolor,F,Anthophila
3I,3,c,a2,s3,19/04/2023,Andrena bicolor,F,Anthophila
3G,3,c,a1,s7,19/04/2023,Andrena bicolor,F,Anthophila
3J,3,c,a2,s3,19/04/2023,Andrena bicolor,F,Anthophila
8B,3,c,a1,s6,27/07/2023,Andrena bicolor,F,Anthophila
26J,3,c,m3,na,19/04/2023,Andrena bicolor,F,Anthophila
20O,3,c,a1,s8,30/08/2023,Andrena bicolor,F,Anthophila
7N,3,c,a1,s2,19/04/2023,Andrena bicolor,F,Anthophila
24B,1,af,a1,s7,25/04/2023,Andrena chrysoscles,F,Anthophila
20C,1,af,a2,s7,25/04/2023,Andrena chrysoscles,F,Anthophila
21N,1,af,a2,s1,25/04/2023,Andrena chrysoscles,F,Anthophila
17F,1,af,a2,s1,25/04/2023,Andrena chrysoscles,F,Anthophila
6I,1,af,a1,s3,22/05/2023,Andrena chrysoscles,F,Anthophila
6E,1,af,a2,s1,22/05/2023,Andrena chrysoscles,F,Anthophila
5D,1,af,a2,s8,22/05/2023,Andrena chrysoscles,F,Anthophila
14I,1,c,a2,s5,25/04/2023,Andrena chrysoscles,F,Anthophila
6O,1,c,a2,s4,22/05/2023,Andrena chrysoscles,F,Anthophila
10D,2,af,a2,s7,24/05/2023,Andrena chrysoscles,F,Anthophila
7K,2,af,a2,s4,20/04/2023,Andrena chrysoscles,F,Anthophila
10C,2,af,a1,s4,24/05/2023,Andrena chrysoscles,F,Anthophila
18P,2,af,a2,s3,20/04/2023,Andrena chrysoscles,M,Anthophila
17D,2,af,a2,s7,20/04/2023,Andrena chrysoscles,M,Anthophila
1E,2,c,a2,s6,24/05/2023,Andrena chrysoscles,F,Anthophila
17Q,1,af,a2,s8,25/04/2023,Andrena cineraria,M,Anthophila
27C,1,af,a2,s7,25/04/2023,Andrena cineraria,F,Anthophila
4B,1,af,a1,s8,25/04/2023,Andrena cineraria,F,Anthophila
13B,1,c,a2,s7,22/05/2023,Andrena cineraria,M,Anthophila
19F,1,af,a2,s7,25/04/2023,Andrena flavipes,F,Anthophila
11C,1,af,a2,s4,25/04/2023,Andrena flavipes,F,Anthophila
2R,1,c,a2,s4,25/08/2023,Andrena flavipes,F,Anthophila
24N,1,c,a2,s3,25/04/2023,Andrena flavipes,F,Anthophila
7M,3,c,a1,s2,19/04/2023,Andrena flavipes,F,Anthophila
9D,3,c,m2,na,19/04/2023,Andrena flavipes,F,Anthophila
26E,3,c,m3,na,19/04/2023,Andrena flavipes,F,Anthophila
7H,3,c,a2,s2,27/07/2023,Andrena flavipes,M,Anthophila
18L,1,c,a1,s2,25/04/2023,Andrena fulva,F,Anthophila
25H,1,af,a1,s4,25/04/2023,Andrena haemorrhoa,M,Anthophila
22L,1,af,a2,s6,25/04/2023,Andrena haemorrhoa,M,Anthophila
25B,1,af,a2,s6,25/04/2023,Andrena haemorrhoa,M,Anthophila
23K,1,af,a2,s6,25/04/2023,Andrena haemorrhoa,M,Anthophila
23I,1,af,a2,s7,25/04/2023,Andrena haemorrhoa,M,Anthophila
22A,1,af,a2,s6,25/04/2023,Andrena haemorrhoa,M,Anthophila
18E,1,af,a1,s1,25/04/2023,Andrena haemorrhoa,M,Anthophila
17R,1,af,a2,s8,25/04/2023,Andrena haemorrhoa,F,Anthophila
14J,1,af,a1,s2,25/04/2023,Andrena haemorrhoa,F,Anthophila
20H,1,af,a2,s8,25/04/2023,Andrena haemorrhoa,M,Anthophila
14P,1,af,a1,s2,25/04/2023,Andrena haemorrhoa,F,Anthophila
24M,1,af,a2,s7,25/04/2023,Andrena haemorrhoa,M,Anthophila
4M,1,af,a1,s8,25/04/2023,Andrena haemorrhoa,F,Anthophila
11D,1,af,a2,s4,25/04/2023,Andrena haemorrhoa,M,Anthophila
10M,1,af,a2,s4,25/04/2023,Andrena haemorrhoa,F,Anthophila
3E,1,af,a2,s5,25/04/2023,Andrena haemorrhoa,F,Anthophila
10K,1,af,a2,s4,25/04/2023,Andrena haemorrhoa,F,Anthophila
19P,1,c,a1,s2,25/04/2023,Andrena haemorrhoa,F,Anthophila
19Q,1,c,a1,s8,25/04/2023,Andrena haemorrhoa,F,Anthophila
21C,1,c,a1,s8,25/04/2023,Andrena haemorrhoa,F,Anthophila
12B,1,c,a2,s2,25/04/2023,Andrena haemorrhoa,F,Anthophila
3B,1,c,a1,s4,25/04/2023,Andrena haemorrhoa,F,Anthophila
2D,1,c,a2,s7,25/04/2023,Andrena haemorrhoa,F,Anthophila
16G,1,c,a1,s3,25/04/2023,Andrena haemorrhoa,M,Anthophila
17A,2,af,a2,s7,20/04/2023,Andrena haemorrhoa,F,Anthophila
17B,2,af,a2,s7,20/04/2023,Andrena haemorrhoa,F,Anthophila
17O,2,af,a1,s2,20/04/2023,Andrena haemorrhoa,F,Anthophila
19L,2,af,a2,s6,20/04/2023,Andrena haemorrhoa,F,Anthophila
15N,2,af,a2,s1,20/04/2023,Andrena haemorrhoa,F,Anthophila
3F,2,af,a2,s6,20/04/2023,Andrena haemorrhoa,M,Anthophila
7I,2,af,a2,s6,20/04/2023,Andrena haemorrhoa,M,Anthophila
4R,2,af,a2,s6,20/04/2023,Andrena haemorrhoa,M,Anthophila
16Q,2,af,a2,s7,20/04/2023,Andrena haemorrhoa,M,Anthophila
19B,2,af,a1,s5,20/04/2023,Andrena haemorrhoa,M,Anthophila
3L,2,af,a2,s4,20/04/2023,Andrena haemorrhoa,M,Anthophila
3Q,2,af,a2,s6,20/04/2023,Andrena haemorrhoa,M,Anthophila
13J,2,af,a1,s4,24/05/2023,Andrena haemorrhoa,M,Anthophila
16P,2,af,a2,s7,20/04/2023,Andrena haemorrhoa,M,Anthophila
21D,2,c,a2,s7,20/04/2023,Andrena haemorrhoa,M,Anthophila
3M,3,af,a1,s7,19/04/2023,Andrena haemorrhoa,F,Anthophila
27G,3,af,a1,s2,19/04/2023,Andrena haemorrhoa,F,Anthophila
27I,3,af,a1,s2,19/04/2023,Andrena haemorrhoa,F,Anthophila
8G,3,af,a1,s6,19/04/2023,Andrena haemorrhoa,F,Anthophila
11F,3,af,a2,s1,19/04/2023,Andrena haemorrhoa,F,Anthophila
9L,3,af,a2,s1,19/04/2023,Andrena haemorrhoa,F,Anthophila
14A,3,af,a2,s1,19/04/2023,Andrena haemorrhoa,F,Anthophila
24K,3,af,a2,s4,19/04/2023,Andrena haemorrhoa,F,Anthophila
10O,3,af,a2,s7,19/04/2023,Andrena haemorrhoa,F,Anthophila
15P,3,af,a2,s8,19/04/2023,Andrena haemorrhoa,F,Anthophila
26I,3,af,m2,na,19/04/2023,Andrena haemorrhoa,F,Anthophila
12K,3,af,m3,na,19/04/2023,Andrena haemorrhoa,F,Anthophila
15Q,3,af,a2,s8,19/04/2023,Andrena haemorrhoa,F,Anthophila
9B,3,af,a1,s4,19/04/2023,Andrena haemorrhoa,F,Anthophila
15R,3,af,a2,s8,19/04/2023,Andrena haemorrhoa,F,Anthophila
23L,3,af,a1,s2,19/04/2023,Andrena haemorrhoa,F,Anthophila
15O,3,af,a2,s8,19/04/2023,Andrena haemorrhoa,F,Anthophila
23C,3,af,a2,s4,19/04/2023,Andrena haemorrhoa,M,Anthophila
4F,3,af,a1,s3,19/04/2023,Andrena haemorrhoa,M,Anthophila
4J,3,af,a1,s3,19/04/2023,Andrena haemorrhoa,M,Anthophila
12P,3,af,m3,na,19/04/2023,Andrena haemorrhoa,M,Anthophila
14B,3,af,a2,s1,19/04/2023,Andrena haemorrhoa,M,Anthophila
12J,3,af,m3,na,19/04/2023,Andrena haemorrhoa,M,Anthophila
4A,3,af,a1,s3,19/04/2023,Andrena haemorrhoa,M,Anthophila
25P,3,af,a1,s2,19/04/2023,Andrena haemorrhoa,M,Anthophila
12I,3,af,m3,na,19/04/2023,Andrena haemorrhoa,M,Anthophila
14D,3,af,a2,s3,19/04/2023,Andrena haemorrhoa,M,Anthophila
11A,3,af,a2,s3,19/04/2023,Andrena haemorrhoa,M,Anthophila
12Q,3,af,m3,na,19/04/2023,Andrena haemorrhoa,M,Anthophila
10G,3,af,a2,s2,19/04/2023,Andrena haemorrhoa,M,Anthophila
11N,3,af,m3,na,19/04/2023,Andrena haemorrhoa,M,Anthophila
10H,3,af,a2,s2,19/04/2023,Andrena haemorrhoa,M,Anthophila
4E,3,af,a1,s3,19/04/2023,Andrena haemorrhoa,M,Anthophila
26M,3,af,a2,s4,19/04/2023,Andrena haemorrhoa,M,Anthophila
12H,3,af,m3,na,19/04/2023,Andrena haemorrhoa,M,Anthophila
13I,3,af,a1,s6,19/04/2023,Andrena haemorrhoa,M,Anthophila
4K,3,af,a1,s3,19/04/2023,Andrena haemorrhoa,M,Anthophila
23F,3,af,a1,s2,19/04/2023,Andrena haemorrhoa,M,Anthophila
27B,3,af,a2,s4,19/04/2023,Andrena haemorrhoa,M,Anthophila
27H,3,af,a2,s4,19/04/2023,Andrena haemorrhoa,M,Anthophila
13N,3,af,a1,s4,19/04/2023,Andrena haemorrhoa,M,Anthophila
19O,3,af,a1,s8,19/04/2023,Andrena haemorrhoa,M,Anthophila
22D,3,af,a2,s6,19/04/2023,Andrena haemorrhoa,M,Anthophila
23G,3,af,a2,s6,19/04/2023,Andrena haemorrhoa,M,Anthophila
22B,3,af,a2,s6,19/04/2023,Andrena haemorrhoa,M,Anthophila
14G,3,af,a2,s1,19/04/2023,Andrena haemorrhoa,M,Anthophila
14H,3,af,a2,s1,19/04/2023,Andrena haemorrhoa,M,Anthophila
24J,3,af,a2,s4,19/04/2023,Andrena haemorrhoa,M,Anthophila
23H,3,af,a2,s6,19/04/2023,Andrena haemorrhoa,M,Anthophila
18R,3,af,a2,s4,19/04/2023,Andrena haemorrhoa,M,Anthophila
19G,3,af,a2,s6,19/04/2023,Andrena haemorrhoa,M,Anthophila
23A,3,af,a1,s2,19/04/2023,Andrena haemorrhoa,M,Anthophila
20J,3,af,a2,s6,19/04/2023,Andrena haemorrhoa,M,Anthophila
26K,3,c,m3,na,19/04/2023,Andrena haemorrhoa,F,Anthophila
9E,3,c,m2,na,19/04/2023,Andrena haemorrhoa,F,Anthophila
27J,3,c,m3,na,19/04/2023,Andrena haemorrhoa,F,Anthophila
16e,1,af,a1,s2,22/05/2023,Andrena minutula,F,Anthophila
14r,1,af,a1,s2,25/04/2023,Andrena minutula,F,Anthophila
24a,1,af,a2,s7,25/04/2023,Andrena minutula,F,Anthophila
1m,1,af,a1,s8,22/05/2023,Andrena minutula,F,Anthophila
6f,1,af,a2,s3,22/05/2023,Andrena minutula,F,Anthophila
22i,1,c,a2,s6,25/04/2023,Andrena minutula,F,Anthophila
6a,1,c,a1,s1,22/05/2023,Andrena minutula,F,Anthophila
2p,1,af,a1,s7,22/05/2023,Andrena minutula,F,Anthophila
22c,1,c,a2,s8,25/04/2023,Andrena minutula,F,Anthophila
22m,1,c,a2,s4,25/04/2023,Andrena minutula,F,Anthophila
6c,1,af,a2,s4,22/05/2023,Andrena minutula,F,Anthophila
7b,1,af,a1,s5,25/04/2023,Andrena minutula,F,Anthophila
24l,1,c,a2,s3,25/04/2023,Andrena minutula,F,Anthophila
5b,1,af,a1,s6,22/05/2023,Andrena minutula,F,Anthophila
15c,1,af,a1,s8,25/08/2023,Andrena minutula,F,Anthophila
5a,1,af,a1,s6,22/05/2023,Andrena minutula,F,Anthophila
20e,1,af,a1,s3,25/08/2023,Andrena minutula,F,Anthophila
7e,1,af,a1,s5,25/04/2023,Andrena minutula,F,Anthophila
17k,1,af,a1,s2,25/04/2023,Andrena minutula,F,Anthophila
15j,1,c,a2,s2,25/04/2023,Andrena minutula,F,Anthophila
22h,1,af,a1,s4,25/04/2023,Andrena minutula,F,Anthophila
6b,1,af,a2,s1,22/05/2023,Andrena minutula,F,Anthophila
6k,1,af,a1,s7,22/05/2023,Andrena minutula,F,Anthophila
14q,1,af,a1,s2,25/04/2023,Andrena minutula,F,Anthophila
14m,1,af,a1,s2,25/04/2023,Andrena minutula,F,Anthophila
24i,1,c,a2,s3,25/04/2023,Andrena minutula,F,Anthophila
5e,1,af,a2,s5,22/05/2023,Andrena minutula,F,Anthophila
7d,1,af,a1,s5,25/04/2023,Andrena minutula,F,Anthophila
5o,1,c,a2,s7,25/04/2023,Andrena minutula,F,Anthophila
19j,1,af,a2,s3,25/04/2023,Andrena minutula,F,Anthophila
15i,1,af,a1,s8,25/08/2023,Andrena minutula,F,Anthophila
5h,1,af,a1,s4,22/05/2023,Andrena minutula,F,Anthophila
15a,1,c,a2,s2,25/04/2023,Andrena minutula,F,Anthophila
14n,1,af,a1,s2,25/04/2023,Andrena minutula,F,Anthophila
7c,1,af,a1,s5,25/04/2023,Andrena minutula,F,Anthophila
27a,1,c,a2,s3,25/04/2023,Andrena minutula,F,Anthophila
2g,1,c,a2,s1,25/04/2023,Andrena minutula,F,Anthophila
15e,1,af,a2,s5,25/04/2023,Andrena minutula,F,Anthophila
24f,1,af,a1,s7,25/04/2023,Andrena minutula,F,Anthophila
24e,1,af,a2,s7,25/04/2023,Andrena minutula,F,Anthophila
22k,1,af,a1,s4,25/04/2023,Andrena minutula,F,Anthophila
16m,1,af,a1,s3,25/04/2023,Andrena minutula,F,Anthophila
15k,1,af,a2,s5,25/04/2023,Andrena minutula,F,Anthophila
5p,1,c,a2,s7,25/04/2023,Andrena minutula,F,Anthophila
18n,1,af,a1,s1,22/05/2023,Andrena minutula,F,Anthophila
17e,1,af,a2,s8,25/04/2023,Andrena minutula,F,Anthophila
18h,1,af,a2,s3,25/04/2023,Andrena minutula,F,Anthophila
15f,1,af,a2,s5,25/04/2023,Andrena minutula,F,Anthophila
19e,1,af,a2,s2,25/04/2023,Andrena minutula,F,Anthophila
16h,1,c,a1,s3,25/04/2023,Andrena minutula,F,Anthophila
18f,1,af,a1,s1,25/04/2023,Andrena minutula,F,Anthophila
8N,3,af,a1,s6,22/03/2023,Andrena minutula,M,Anthophila
19R,3,af,a1,s5,19/04/2023,Andrena minutula,M,Anthophila
17j,3,af,a1,s1,19/04/2023,Andrena minutula,F,Anthophila
8o,3,af,a2,s1,22/03/2023,Andrena minutula,F,Anthophila
21a,3,af,a1,s8,19/04/2023,Andrena minutula,F,Anthophila
24p,3,af,a2,s6,19/04/2023,Andrena minutula,F,Anthophila
26a,3,af,a2,s4,19/04/2023,Andrena minutula,F,Anthophila
8e,3,af,a1,s6,19/04/2023,Andrena minutula,F,Anthophila
8a,3,af,a1,s3,22/03/2023,Andrena minutula,F,Anthophila
21e,3,af,a1,s5,19/04/2023,Andrena minutula,F,Anthophila
26h,3,af,m3,na,19/04/2023,Andrena minutula,F,Anthophila
20i,3,af,a2,s6,19/04/2023,Andrena minutula,F,Anthophila
21o,3,af,a2,s6,19/04/2023,Andrena minutula,F,Anthophila
19m,3,af,a2,s6,30/08/2023,Andrena minutula,F,Anthophila
26g,3,af,m1,na,19/04/2023,Andrena minutula,F,Anthophila
15g,3,af,a2,s2,25/05/2023,Andrena minutula,F,Anthophila
16i,3,af,a2,s1,19/04/2023,Andrena minutula,F,Anthophila
25L,1,af,a1,s7,25/04/2023,Andrena nigroanea,F,Anthophila
25E,1,af,a1,s4,25/04/2023,Andrena nigroanea,F,Anthophila
4I,1,af,a2,s5,25/04/2023,Andrena nigroanea,F,Anthophila
6D,1,af,a1,s7,22/05/2023,Andrena nigroanea,F,Anthophila
23O,1,c,a2,s6,25/04/2023,Andrena nigroanea,F,Anthophila
9H,1,c,a1,s1,25/04/2023,Andrena nigroanea,F,Anthophila
5L,1,c,a2,s7,25/04/2023,Andrena nigroanea,F,Anthophila
5M,1,c,a2,s7,25/04/2023,Andrena nigroanea,F,Anthophila
2E,1,c,a2,s7,25/04/2023,Andrena nigroanea,F,Anthophila
5K,1,c,a2,s7,25/04/2023,Andrena nigroanea,F,Anthophila
6L,1,c,a2,s7,25/04/2023,Andrena nigroanea,F,Anthophila
2F,1,c,a2,s7,25/04/2023,Andrena nigroanea,F,Anthophila
11G,1,c,a2,s5,25/04/2023,Andrena nigroanea,F,Anthophila
21H,1,c,a1,s7,25/04/2023,Andrena nigroanea,F,Anthophila
21B,1,c,a1,s2,25/04/2023,Andrena nigroanea,F,Anthophila
3K,1,c,a1,s4,25/04/2023,Andrena nigroanea,F,Anthophila
3C,1,c,a1,s7,22/05/2023,Andrena nigroanea,F,Anthophila
1B,1,c,a2,s2,22/05/2023,Andrena nigroanea,F,Anthophila
20D,1,c,a1,s7,25/04/2023,Andrena nigroanea,M,Anthophila
10A,2,af,a1,s1,20/04/2023,Andrena nigroanea,F,Anthophila
12M,2,af,a1,s3,20/04/2023,Andrena nigroanea,F,Anthophila
10F,2,af,a1,s3,24/05/2023,Andrena nigroanea,F,Anthophila
18O,2,c,a1,s6,20/04/2023,Andrena nigroanea,F,Anthophila
20A,3,af,a1,s5,19/04/2023,Andrena nigroanea,F,Anthophila
8H,3,af,a1,s6,19/04/2023,Andrena nigroanea,F,Anthophila
10R,3,af,a2,s3,19/04/2023,Andrena nigroanea,F,Anthophila
9N,3,af,a2,s2,19/04/2023,Andrena nigroanea,F,Anthophila
3D,3,af,a1,s7,19/04/2023,Andrena nigroanea,F,Anthophila
12O,3,af,m3,na,19/04/2023,Andrena nigroanea,F,Anthophila
12N,3,af,m3,na,19/04/2023,Andrena nigroanea,F,Anthophila
26C,3,af,a1,s2,19/04/2023,Andrena nigroanea,F,Anthophila
23J,3,af,a2,s6,19/04/2023,Andrena nigroanea,F,Anthophila
23B,3,af,a1,s2,19/04/2023,Andrena nigroanea,F,Anthophila
9P,3,af,a2,s2,19/04/2023,Andrena nigroanea,F,Anthophila
9O,3,af,a2,s2,19/04/2023,Andrena nigroanea,F,Anthophila
26F,3,af,m1,na,19/04/2023,Andrena nigroanea,F,Anthophila
8F,3,af,a1,s6,19/04/2023,Andrena nigroanea,F,Anthophila
23M,3,af,a2,s6,19/04/2023,Andrena nigroanea,M,Anthophila
26D,3,c,m3,na,19/04/2023,Andrena nigroanea,F,Anthophila
26L,3,c,m3,na,19/04/2023,Andrena nigroanea,F,Anthophila
18M,3,c,a2,s4,19/04/2023,Andrena nigroanea,F,Anthophila
11B,3,c,m1,na,19/04/2023,Andrena nigroanea,F,Anthophila
8C,3,c,a1,s1,19/04/2023,Andrena nigroanea,F,Anthophila
7O,3,c,a1,s2,19/04/2023,Andrena nigroanea,F,Anthophila
20N,3,c,a2,s5,19/04/2023,Andrena nigroanea,F,Anthophila
1K,1,af,a1,s8,17/03/2023,Andrena nitida,F,Anthophila
24C,1,af,a1,s4,25/04/2023,Andrena nitida,F,Anthophila
18C,1,af,a1,s1,25/04/2023,Andrena nitida,F,Anthophila
19I,1,af,a2,s3,25/04/2023,Andrena nitida,M,Anthophila
20K,1,af,a2,s3,25/04/2023,Andrena nitida,F,Anthophila
20L,1,af,a2,s3,25/04/2023,Andrena nitida,F,Anthophila
17P,1,af,a2,s8,25/04/2023,Andrena nitida,M,Anthophila
18D,1,af,a1,s3,25/04/2023,Andrena nitida,F,Anthophila
14K,1,af,a1,s2,25/04/2023,Andrena nitida,F,Anthophila
15H,1,af,a1,s2,25/04/2023,Andrena nitida,F,Anthophila
7G,1,af,a1,s5,25/04/2023,Andrena nitida,F,Anthophila
4G,1,af,a1,s8,25/04/2023,Andrena nitida,M,Anthophila
4C,1,af,a1,s8,25/04/2023,Andrena nitida,F,Anthophila
16F,1,af,a1,s2,22/05/2023,Andrena nitida,F,Anthophila
11E,1,af,a2,s4,25/04/2023,Andrena nitida,M,Anthophila
1G,1,af,a2,s2,22/05/2023,Andrena nitida,F,Anthophila
1A,1,af,a2,s7,22/05/2023,Andrena nitida,F,Anthophila
1L,1,af,a1,s3,22/05/2023,Andrena nitida,F,Anthophila
24G,1,c,a2,s4,25/04/2023,Andrena nitida,F,Anthophila
25I,1,c,a2,s6,25/04/2023,Andrena nitida,F,Anthophila
24O,1,c,a1,s6,25/04/2023,Andrena nitida,F,Anthophila
14F,1,c,a2,s2,25/04/2023,Andrena nitida,F,Anthophila
20P,1,c,a1,s5,25/04/2023,Andrena nitida,F,Anthophila
14E,1,c,a2,s2,25/04/2023,Andrena nitida,F,Anthophila
12C,1,c,a2,s2,25/04/2023,Andrena nitida,F,Anthophila
19A,1,c,a1,s7,25/04/2023,Andrena nitida,F,Anthophila
6H,1,c,a2,s7,25/04/2023,Andrena nitida,F,Anthophila
11H,1,c,a2,s5,25/04/2023,Andrena nitida,F,Anthophila
11I,1,c,a2,s5,25/04/2023,Andrena nitida,F,Anthophila
9I,1,c,a1,s1,25/04/2023,Andrena nitida,F,Anthophila
9J,1,c,a1,s1,25/04/2023,Andrena nitida,F,Anthophila
2H,1,c,a2,s1,25/04/2023,Andrena nitida,F,Anthophila
5Q,1,c,a2,s7,25/04/2023,Andrena nitida,F,Anthophila
6M,1,c,a2,s7,25/04/2023,Andrena nitida,F,Anthophila
11M,1,c,a2,s5,25/04/2023,Andrena nitida,M,Anthophila
11L,1,c,a2,s5,25/04/2023,Andrena nitida,M,Anthophila
12F,1,c,a2,s5,25/04/2023,Andrena nitida,M,Anthophila
9K,1,c,a1,s1,25/04/2023,Andrena nitida,M,Anthophila
25O,1,c,a2,s3,25/04/2023,Andrena nitida,M,Anthophila
13F,1,c,a2,s1,25/04/2023,Andrena nitida,M,Anthophila
11O,1,c,a2,s2,25/04/2023,Andrena nitida,M,Anthophila
13G,1,c,a2,s7,24/04/2023,Andrena nitida,M,Anthophila
25K,1,c,a2,s6,25/04/2023,Andrena nitida,M,Anthophila
11R,1,c,a2,s2,25/04/2023,Andrena nitida,M,Anthophila
2O,1,c,a2,s7,25/04/2023,Andrena nitida,M,Anthophila
12G,1,c,a2,s5,25/04/2023,Andrena nitida,M,Anthophila
9F,1,c,a1,s1,25/04/2023,Andrena nitida,M,Anthophila
12R,1,c,a2,s2,25/04/2023,Andrena nitida,M,Anthophila
13C,1,c,a2,s1,25/04/2023,Andrena nitida,M,Anthophila
13D,1,c,a2,s1,25/04/2023,Andrena nitida,M,Anthophila
18S,1,c,a1,s7,25/04/2023,Andrena nitida,M,Anthophila
12E,1,c,a2,s5,25/04/2023,Andrena nitida,M,Anthophila
9G,1,c,a1,s1,25/04/2023,Andrena nitida,M,Anthophila
13A,1,c,a2,s2,17/03/2023,Andrena nitida,M,Anthophila
13E,1,c,a2,s1,25/04/2023,Andrena nitida,M,Anthophila
25A,1,c,a1,s6,25/04/2023,Andrena nitida,M,Anthophila
13H,1,c,a2,s7,25/04/2023,Andrena nitida,M,Anthophila
2A,1,c,a2,s1,22/05/2023,Andrena nitida,F,Anthophila
1C,1,c,a2,s2,22/05/2023,Andrena nitida,F,Anthophila
1D,1,c,a2,s2,22/05/2023,Andrena nitida,F,Anthophila
27E,1,c,a2,s3,25/04/2023,Andrena nitida,M,Anthophila
7P,1,c,a1,s1,25/04/2023,Andrena nitida,M,Anthophila
21J,2,af,a1,s5,20/04/2023,Andrena nitida,F,Anthophila
16R,2,af,a2,s7,20/04/2023,Andrena nitida,F,Anthophila
21K,2,af,a2,s1,24/05/2023,Andrena nitida,F,Anthophila
15M,2,af,a2,s1,20/04/2023,Andrena nitida,F,Anthophila
15L,2,af,a2,s1,20/04/2023,Andrena nitida,M,Anthophila
3H,2,af,a2,s4,20/04/2023,Andrena nitida,M,Anthophila
20F,2,af,a1,s5,20/04/2023,Andrena nitida,M,Anthophila
1H,2,c,a1,s8,24/05/2023,Andrena nitida,F,Anthophila
23D,3,af,a1,s2,19/04/2023,Andrena nitida,F,Anthophila
12L,3,af,m3,na,19/04/2023,Andrena praecox,F,Anthophila
13L,3,af,a1,s1,22/03/2023,Andrena praecox,M,Anthophila
3A,2,af,a2,s6,20/04/2023,Andrena scotica,F,Anthophila
10J,1,c,a2,s2,25/04/2023,Andrena subopaca,F,Anthophila
22E,1,af,a2,s6,25/04/2023,Andrena subopaca,F,Anthophila
L,3,af,a1,s5,28/06/2023,Bombus hortorum,F,Anthophila
M,3,af,a2,s1,28/06/2023,Bombus hortorum,M,Anthophila
O,3,c,a2,s8,28/06/2023,Bombus hortorum,F,Anthophila
G,3,af,a2,s4,22/03/2023,Bombus hortorum,Q,Anthophila
P,3,af,a2,s8,22/03/2023,Bombus hortorum,Q,Anthophila
Y,3,af,a2,s8,22/03/2023,Bombus hortorum,Q,Anthophila
K,1,af,a1,s4,25/08/2023,Bombus lapidarius,F,Anthophila
E,1,c,a2,s5,22/05/2023,Bombus pascuorum,F,Anthophila
F,1,af,a1,s3,25/07/2023,Bombus pascuorum,F,Anthophila
Q,1,af,a2,s7,25/08/2023,Bombus pascuorum,M,Anthophila
R,1,af,a2,s7,25/08/2023,Bombus pascuorum,M,Anthophila
S,1,af,a1,s5,25/08/2023,Bombus pascuorum,F,Anthophila
T,1,af,a1,s5,25/08/2023,Bombus pascuorum,M,Anthophila
V,1,c,a2,s6,22/06/2023,Bombus pascuorum,F,Anthophila
A,2,af,a1,s5,24/05/2023,Bombus pascuorum,F,Anthophila
H,3,af,m3,na,22/03/2023,Bombus ruderatus ,Q,Anthophila
U,1,af,a1,s5,25/08/2023,Bombus lucorum/terrestris,M,Anthophila
I,3,af,a2,s7,27/07/2023,Bombus lucorum/terrestris,M,Anthophila
N,3,c,a2,s2,28/06/2023,Bombus lucorum/terrestris,M,Anthophila
B,1,af,a2,s5,17/03/2023,Bombus lucorum/terrestris,Q,Anthophila
C,1,c,a2,s7,25/08/2023,Bombus lucorum/terrestris,F,Anthophila
D,1,af,a2,s4,25/07/2023,Bombus lucorum/terrestris,F,Anthophila
J,1,c,a1,s4,25/07/2023,Bombus lucorum/terrestris,F,Anthophila
W ,1,af,a2,s2,25/08/2023,Bombus lucorum/terrestris,F,Anthophila
X,2,c,a2,s2,29/06/2023,Bombus lucorum/terrestris,F,Anthophila
6g,1,c,a2,s6,25/08/2023,Chrystotoxum bicinctum,NA,Syrphidae
16p,2,af,a2,s5,29/06/2023,Episyrphus balteatus,NA,Syrphidae
10g,2,c,a2,s6,29/06/2023,Episyrphus balteatus,NA,Syrphidae
18c,2,af,a2,s6,29/06/2023,Episyrphus balteatus,NA,Syrphidae
6l,2,c,a1,s2,28/07/2023,Episyrphus balteatus,NA,Syrphidae
9m,2,af,a2,s7,29/06/2023,Episyrphus balteatus,NA,Syrphidae
7l,2,c,a2,s2,29/06/2023,Episyrphus balteatus,NA,Syrphidae
17b,2,af,a2,s5,29/06/2023,Episyrphus balteatus,NA,Syrphidae
4n,2,af,a1,s2,29/06/2023,Episyrphus balteatus,NA,Syrphidae
17k,2,af,a2,s5,29/06/2023,Episyrphus balteatus,NA,Syrphidae
9i,2,af,a2,s7,29/06/2023,Episyrphus balteatus,NA,Syrphidae
6o,2,af,a1,s5,29/06/2023,Episyrphus balteatus,NA,Syrphidae
14m,2,af,a1,s3,29/06/2023,Episyrphus balteatus,NA,Syrphidae
15i,2,af,a2,s6,29/06/2023,Episyrphus balteatus,NA,Syrphidae
17e,2,c,a2,s1,29/06/2023,Episyrphus balteatus,NA,Syrphidae
15a,2,c,a1,s3,29/06/2023,Episyrphus balteatus,NA,Syrphidae
9o,2,af,a2,s1,29/06/2023,Episyrphus balteatus,NA,Syrphidae
4e,2,c,a2,s7,28/07/2023,Episyrphus balteatus,NA,Syrphidae
6j,2,c,a1,s7,29/06/2023,Episyrphus balteatus,NA,Syrphidae
3b,2,c,a1,s5,29/06/2023,Episyrphus balteatus,NA,Syrphidae
1m,2,af,a2,s8,29/06/2023,Episyrphus balteatus,NA,Syrphidae
17a,2,af,a2,s5,29/06/2023,Episyrphus balteatus,NA,Syrphidae
15c,2,af,a2,s4,29/06/2023,Episyrphus balteatus,NA,Syrphidae
4k,2,c,a1,s1,29/06/2023,Episyrphus balteatus,NA,Syrphidae
15p,2,af,a2,s6,29/06/2023,Episyrphus balteatus,NA,Syrphidae
1h,3,c,a2,s3,27/07/2023,Episyrphus balteatus,NA,Syrphidae
12i,3,af,a2,s6,27/07/2023,Episyrphus balteatus,NA,Syrphidae
12d,3,af,a2,s6,27/07/2023,Episyrphus balteatus,NA,Syrphidae
12h,3,af,a2,s6,27/07/2023,Episyrphus balteatus,NA,Syrphidae
9s,3,af,a1,s5,27/07/2023,Episyrphus balteatus,NA,Syrphidae
12f,3,af,a2,s6,27/07/2023,Episyrphus balteatus,NA,Syrphidae
12g,3,af,a2,s6,27/07/2023,Episyrphus balteatus,NA,Syrphidae
12j,3,af,a2,s6,27/07/2023,Episyrphus balteatus,NA,Syrphidae
7m,3,af,a1,s5,27/07/2023,Episyrphus balteatus,NA,Syrphidae
6f,3,c,a2,s4,27/07/2023,Episyrphus balteatus,NA,Syrphidae
7n,3,af,a1,s5,27/07/2023,Episyrphus balteatus,NA,Syrphidae
13d,1,c,a2,s5,25/08/2023,Eristalis arbustorum,NA,Syrphidae
2f,1,c,a2,s7,25/08/2023,Eristalis arbustorum,NA,Syrphidae
3f,1,af,a2,s7,25/07/2023,Eristalis arbustorum,NA,Syrphidae
6b,1,af,a2,s2,25/08/2023,Eristalis arbustorum,NA,Syrphidae
8m,1,c,a2,s2,22/06/2023,Eristalis arbustorum,NA,Syrphidae
5o,1,c,a1,s2,25/08/2023,Eristalis arbustorum,NA,Syrphidae
6h,1,c,a2,s6,25/08/2023,Eristalis arbustorum,NA,Syrphidae
5l,1,c,a1,s2,25/08/2023,Eristalis arbustorum,NA,Syrphidae
3e,1,af,a2,s7,25/07/2023,Eristalis arbustorum,NA,Syrphidae
5p,1,c,a1,s2,25/08/2023,Eristalis arbustorum,NA,Syrphidae
13k,1,c,a1,s6,25/08/2023,Eristalis arbustorum,NA,Syrphidae
9r,1,c,a1,s8,25/08/2023,Eristalis arbustorum,NA,Syrphidae
5q,1,af,a1,s5,25/08/2023,Eristalis arbustorum,NA,Syrphidae
5n,1,c,a1,s2,25/08/2023,Eristalis arbustorum,NA,Syrphidae
2i,1,c,a2,s7,25/08/2023,Eristalis arbustorum,NA,Syrphidae
2q,1,c,a2,s1,25/08/2023,Eristalis arbustorum,NA,Syrphidae
2h,1,c,a2,s7,25/08/2023,Eristalis arbustorum,NA,Syrphidae
13e,1,c,a2,s5,25/08/2023,Eristalis arbustorum,NA,Syrphidae
2g,1,c,a2,s7,25/08/2023,Eristalis arbustorum,NA,Syrphidae
6c,1,af,a2,s2,25/08/2023,Eristalis arbustorum,NA,Syrphidae
13j,1,c,a1,s6,25/08/2023,Eristalis arbustorum,NA,Syrphidae
10e,2,af,a2,s3,28/07/2023,Eristalis arbustorum,NA,Syrphidae
2a,3,c,a1,s6,20/08/2023,Eristalis arbustorum,NA,Syrphidae
12e,3,af,a2,s6,27/07/2023,Eristalis arbustorum,NA,Syrphidae
14b,3,af,a2,s8,28/06/2023,Eristalis arbustorum,NA,Syrphidae
10d,3,af,a2,s3,27/07/2023,Eristalis arbustorum,NA,Syrphidae
2d,3,af,a1,s8,30/08/2023,Eristalis arbustorum,NA,Syrphidae
3m,3,c,a1,s8,27/07/2023,Eristalis arbustorum,NA,Syrphidae
1i,3,af,a1,s6,27/07/2023,Eristalis arbustorum,NA,Syrphidae
9q,3,af,a1,s3,28/06/2023,Eristalis arbustorum,NA,Syrphidae
2e,3,af,a1,s8,30/08/2023,Eristalis arbustorum,NA,Syrphidae
4a,3,c,a1,s8,27/07/2023,Eristalis arbustorum,NA,Syrphidae
14a,3,af,a2,s8,28/06/2023,Eristalis arbustorum,NA,Syrphidae
5s,3,af,a2,s5,27/07/2023,Eristalis arbustorum,NA,Syrphidae
5c,3,af,a2,s1,27/07/2023,Eristalis arbustorum,NA,Syrphidae
2m,1,c,a2,s1,25/08/2023,Eristalis tenax,NA,Syrphidae
3g,1,af,a1,s3,25/07/2023,Eristalis tenax,NA,Syrphidae
5m,1,c,a1,s4,25/08/2023,Eristalis tenax,NA,Syrphidae
12n,3,af,a2,s7,27/07/2023,Eristalis tenax,NA,Syrphidae
3n,3,c,a1,s8,27/07/2023,Eristalis tenax,NA,Syrphidae
7q,3,c,a1,s7,27/07/2023,Eristalis tenax,NA,Syrphidae
3p,3,c,a1,s8,27/07/2023,Eristalis tenax,NA,Syrphidae
11a,1,af,a2,s1,25/07/2023,Eumerus strigatus,f,Syrphidae
9e,3,c,a1,s3,27/07/2023,Eumerus strigatus,f,Syrphidae
8r,1,c,a1,s3,25/07/2023,Eupeodes corollae,m,Syrphidae
9n,1,c,a2,s5,25/07/2023,Eupeodes corollae,m,Syrphidae
14d,1,af,a1,s6,25/07/2023,Eupeodes corollae,f,Syrphidae
6i,2,af,a1,s5,29/06/2023,Eupeodes corollae,m,Syrphidae
9l,2,c,a1,s6,29/06/2023,Eupeodes corollae,m,Syrphidae
15j,2,af,a2,s6,29/06/2023,Eupeodes corollae,m,Syrphidae
14g,2,af,a1,s7,29/06/2023,Eupeodes corollae,m,Syrphidae
14n,2,af,a1,s3,29/06/2023,Eupeodes corollae,m,Syrphidae
14q,2,af,a1,s3,29/06/2023,Eupeodes corollae,m,Syrphidae
11b,2,af,a1,s8,29/06/2023,Eupeodes corollae,m,Syrphidae
15l,2,af,a2,s6,29/06/2023,Eupeodes corollae,m,Syrphidae
17c,2,af,a2,s5,29/06/2023,Eupeodes corollae,m,Syrphidae
7i,2,af,a1,s5,29/06/2023,Eupeodes corollae,m,Syrphidae
8a,2,c,a2,s2,29/06/2023,Eupeodes corollae,m,Syrphidae
9a,2,c,a2,s5,29/06/2023,Eupeodes corollae,m,Syrphidae
15b,2,c,a1,s3,29/06/2023,Eupeodes corollae,m,Syrphidae
10b,2,af,a2,s1,29/06/2023,Eupeodes corollae,m,Syrphidae
17d,2,c,a2,s1,29/06/2023,Eupeodes corollae,m,Syrphidae
15k,2,af,a2,s6,29/06/2023,Eupeodes corollae,m,Syrphidae
11c,2,af,a1,s8,29/06/2023,Eupeodes corollae,m,Syrphidae
9f,2,c,a1,s6,29/06/2023,Eupeodes corollae,m,Syrphidae
14j,2,af,a1,s7,29/06/2023,Eupeodes corollae,m,Syrphidae
5g,2,af,a2,s3,29/06/2023,Eupeodes corollae,m,Syrphidae
8p,2,c,a2,s5,29/06/2023,Eupeodes corollae,m,Syrphidae
1n,2,af,a2,s8,29/06/2023,Eupeodes corollae,m,Syrphidae
7d,2,af,a1,s5,29/06/2023,Eupeodes corollae,m,Syrphidae
14h,2,af,a1,s7,29/06/2023,Eupeodes corollae,m,Syrphidae
7b,2,af,a1,s5,29/06/2023,Eupeodes corollae,m,Syrphidae
10r,2,c,a1,s4,29/06/2023,Eupeodes corollae,m,Syrphidae
13n,2,c,a1,s8,29/06/2023,Eupeodes corollae,m,Syrphidae
14o,2,af,a1,s3,29/06/2023,Eupeodes corollae,m,Syrphidae
6k,2,c,a1,s7,29/06/2023,Eupeodes corollae,m,Syrphidae
10k,2,c,a2,s6,29/06/2023,Eupeodes corollae,m,Syrphidae
16m,2,c,a2,s1,29/06/2023,Eupeodes corollae,m,Syrphidae
11e,2,af,a1,s8,29/06/2023,Eupeodes corollae,m,Syrphidae
5h,2,af,a2,s3,29/06/2023,Eupeodes corollae,m,Syrphidae
4o,2,af,a1,s2,29/06/2023,Eupeodes corollae,m,Syrphidae
11g,2,c,a2,s4,29/06/2023,Eupeodes corollae,m,Syrphidae
10i,2,c,a2,s6,29/06/2023,Eupeodes corollae,m,Syrphidae
10s,2,c,a1,s4,29/06/2023,Eupeodes corollae,m,Syrphidae
11d,2,af,a1,s8,29/06/2023,Eupeodes corollae,m,Syrphidae
15e,2,af,a2,s4,29/06/2023,Eupeodes corollae,m,Syrphidae
7h,2,af,a1,s5,29/06/2023,Eupeodes corollae,m,Syrphidae
14c,2,c,a1,s8,29/06/2023,Eupeodes corollae,m,Syrphidae
10a,2,af,a2,s1,29/06/2023,Eupeodes corollae,m,Syrphidae
11n,2,c,a1,s2,29/06/2023,Eupeodes corollae,m,Syrphidae
15h,2,af,a2,s6,29/06/2023,Eupeodes corollae,m,Syrphidae
15f,2,af,a2,s4,29/06/2023,Eupeodes corollae,m,Syrphidae
16o,2,af,a2,s5,29/06/2023,Eupeodes corollae,m,Syrphidae
17i,2,af,a2,s5,29/06/2023,Eupeodes corollae,m,Syrphidae
7a,2,af,a1,s5,29/06/2023,Eupeodes corollae,m,Syrphidae
16n,2,c,a2,s1,29/06/2023,Eupeodes corollae,m,Syrphidae
15m,2,af,a2,s6,29/06/2023,Eupeodes corollae,m,Syrphidae
15g,2,af,a2,s6,29/06/2023,Eupeodes corollae,m,Syrphidae
6q,2,af,a1,s5,29/06/2023,Eupeodes corollae,m,Syrphidae
2k,2,c,a1,s5,29/06/2023,Eupeodes corollae,m,Syrphidae
15n,2,af,a2,s6,29/06/2023,Eupeodes corollae,m,Syrphidae
7e,2,af,a1,s5,29/06/2023,Eupeodes corollae,m,Syrphidae
17f,2,c,a2,s1,29/06/2023,Eupeodes corollae,m,Syrphidae
16c,2,af,a1,s4,29/06/2023,Eupeodes corollae,m,Syrphidae
11l,2,af,s1,s5,29/06/2023,Eupeodes corollae,m,Syrphidae
11k,2,af,a1,s5,29/06/2023,Eupeodes corollae,m,Syrphidae
17j,2,af,a2,s5,29/06/2023,Eupeodes corollae,m,Syrphidae
17m,2,af,a2,s5,29/06/2023,Eupeodes corollae,m,Syrphidae
13m,2,c,a1,s8,29/06/2023,Eupeodes corollae,m,Syrphidae
6m,2,c,a1,s7,29/06/2023,Eupeodes corollae,m,Syrphidae
7k,2,af,a1,s5,29/06/2023,Eupeodes corollae,m,Syrphidae
9h,2,c,a1,s6,29/06/2023,Eupeodes corollae,f,Syrphidae
16b,2,af,a1,s4,29/06/2023,Eupeodes corollae,f,Syrphidae
8o,2,c,a2,s5,29/06/2023,Eupeodes corollae,f,Syrphidae
16d,2,af,a1,s4,29/06/2023,Eupeodes corollae,f,Syrphidae
8c,2,c,a2,s2,29/06/2023,Eupeodes corollae,f,Syrphidae
8b,2,c,a2,s2,29/06/2023,Eupeodes corollae,f,Syrphidae
10j,2,c,a2,s6,29/06/2023,Eupeodes corollae,f,Syrphidae
10c,2,c,a1,s5,28/07/2023,Eupeodes corollae,f,Syrphidae
6p,2,af,a1,s5,29/06/2023,Eupeodes corollae,f,Syrphidae
1k,2,af,a2,s2,29/06/2023,Eupeodes corollae,f,Syrphidae
10t,2,c,a1,s4,29/06/2023,Eupeodes corollae,f,Syrphidae
2n,2,c,a1,s5,29/06/2023,Eupeodes corollae,f,Syrphidae
4m,2,af,a1,s2,29/06/2023,Eupeodes corollae,f,Syrphidae
5i,2,af,a2,s3,29/06/2023,Eupeodes corollae,f,Syrphidae
4b,3,c,a1,s8,27/07/2023,Eupeodes corollae,m,Syrphidae
4g,3,c,a1,s8,27/07/2023,Eupeodes corollae,m,Syrphidae
8k,3,c,a1,s7,27/07/2023,Eupeodes corollae,m,Syrphidae
9g,3,c,a1,s1,27/07/2023,Eupeodes corollae,m,Syrphidae
4f,3,c,a1,s8,27/07/2023,Eupeodes corollae,m,Syrphidae
19b,3,af,m3,na,22/03/2023,Eupeodes corollae,m,Syrphidae
19a,3,af,m3,na,22/03/2023,Eupeodes corollae,m,Syrphidae
4i,3,c,a1,s8,27/07/2023,Eupeodes corollae,m,Syrphidae
12k,3,c,a1,s6,27/07/2023,Eupeodes corollae,m,Syrphidae
4j,3,c,a1,s8,27/07/2023,Eupeodes corollae,m,Syrphidae
12l,3,c,a1,s6,27/07/2023,Eupeodes corollae,m,Syrphidae
12m,3,c,a1,s3,28/06/2023,Eupeodes corollae,m,Syrphidae
8g,3,c,a1,s7,27/07/2023,Eupeodes corollae,m,Syrphidae
4c,3,c,a1,s8,27/07/2023,Eupeodes corollae,m,Syrphidae
3o,3,c,a1,s8,27/07/2023,Eupeodes corollae,m,Syrphidae
14e,3,c,a2,s6,27/07/2023,Eupeodes corollae,f,Syrphidae
5r,3,c,a2,s8,28/06/2023,Eupeodes corollae,f,Syrphidae
4h,3,c,a1,s8,27/07/2023,Eupeodes corollae,f,Syrphidae
5k,3,af,a2,s2,28/06/2023,Eupeodes corollae,f,Syrphidae
6d,3,c,a2,s1,27/07/2023,Eupeodes corollae,f,Syrphidae
3j,1,c,a1,s3,17/03/2023,Eupeodes luniger,f,Syrphidae
2j,1,c,a2,s8,25/08/2023,Eupeodes luniger,f,Syrphidae
13l,2,c,a1,s8,29/06/2023,Eupeodes luniger,m,Syrphidae
9p,2,af,a2,s7,29/06/2023,Eupeodes luniger,m,Syrphidae
11m,2,af,a1,s5,29/06/2023,Eupeodes luniger,m,Syrphidae
15o,2,af,a2,s6,29/06/2023,Eupeodes luniger,m,Syrphidae
7f,2,af,a1,s5,29/06/2023,Eupeodes luniger,m,Syrphidae
18a,2,af,a2,s5,29/06/2023,Eupeodes luniger,f,Syrphidae
17l,2,af,a2,s5,29/06/2023,Eupeodes luniger,f,Syrphidae
14p,2,af,a1,s3,29/06/2023,Eupeodes luniger,f,Syrphidae
18d,2,af,a2,s6,29/06/2023,Eupeodes luniger,f,Syrphidae
7c,2,af,a1,s5,29/06/2023,Eupeodes luniger,f,Syrphidae
11f,2,c,a2,s4,29/06/2023,Eupeodes luniger,f,Syrphidae
10h,2,c,a2,s6,29/06/2023,Eupeodes luniger,f,Syrphidae
17g,2,c,a2,s1,29/06/2023,Eupeodes luniger,f,Syrphidae
16a,2,af,a2,s6,29/06/2023,Eupeodes luniger,f,Syrphidae
9c,2,c,a1,s6,29/06/2023,Eupeodes luniger,f,Syrphidae
16a,2,af,a2,s6,29/06/2023,Eupeodes luniger,f,Syrphidae
17g,2,c,a2,s1,29/06/2023,Eupeodes luniger,f,Syrphidae
10h,2,c,a2,s6,29/06/2023,Eupeodes luniger,f,Syrphidae
11f,2,c,a2,s4,29/06/2023,Eupeodes luniger,f,Syrphidae
20c,3,c,m2,na,19/04/2023,Eupeodes luniger,f,Syrphidae
13j,1,af,a1,s1,25/04/2023,Halictus rubicundus,F,Anthophila
13p,1,af,a2,s3,25/04/2023,Halictus rubicundus,F,Anthophila
3o,1,af,a1,s5,22/05/2023,Halictus tumulorum,F,Anthophila
3k,1,af,a2,s7,22/05/2023,Halictus tumulorum,F,Anthophila
3e,1,af,a1,s6,22/06/2023,Halictus tumulorum,F,Anthophila
18i,1,c,a1,s2,22/06/2023,Halictus tumulorum,F,Anthophila
2d,1,af,a2,s3,22/05/2023,Halictus tumulorum,F,Anthophila
5d,3,af,a2,s4,27/07/2023,Helophilus pendulus,M,Syrphidae
15d,2,af,a1,s1,31/08/2023,Hylaeus communis,F,Anthophila
20b,1,af,a2,s4,25/08/2023,Hylaeus dilatatus,F,Anthophila
7s,1,c,a2,s5,25/04/2023,Lasioglossum albipes,F,Anthophila
7e,3,af,a2,s2,19/04/2023,Lasioglossum albipes,F,Anthophila
13b,3,c,a2,s4,30/08/2023,Lasioglossum albipes,M,Anthophila
4f,1,af,a2,s6,22/05/2023,Lasioglossum calceatum,F,Anthophila
5i,1,af,a1,s5,25/04/2023,Lasioglossum calceatum,F,Anthophila
3s,1,af,a1,s3,25/07/2023,Lasioglossum calceatum,F,Anthophila
22p,1,af,a1,s4,25/04/2023,Lasioglossum calceatum,F,Anthophila
2r,1,af,a1,s5,22/05/2023,Lasioglossum calceatum,F,Anthophila
15a,2,c,a1,s3,24/05/2023,Lasioglossum calceatum,F,Anthophila
9j,2,c,a1,s3,28/07/2023,Lasioglossum calceatum,F,Anthophila
9h,2,c,a2,s8,24/05/2023,Lasioglossum calceatum,F,Anthophila
9c,2,af,a2,s3,24/05/2023,Lasioglossum calceatum,F,Anthophila
8h,2,c,a2,s5,24/05/2023,Lasioglossum calceatum,F,Anthophila
9f,2,c,a1,s8,24/05/2023,Lasioglossum calceatum,F,Anthophila
8i,2,c,a1,s5,24/05/2023,Lasioglossum calceatum,F,Anthophila
18a,3,af,m1,na,19/04/2023,Lasioglossum calceatum,F,Anthophila
13q,3,c,a2,s7,19/04/2023,Lasioglossum calceatum,F,Anthophila
5p,3,af,a1,s3,19/04/2023,Lasioglossum calceatum,F,Anthophila
7j,3,af,m3,na,19/04/2023,Lasioglossum calceatum,F,Anthophila
7m,3,af,m3,na,19/04/2023,Lasioglossum calceatum,F,Anthophila
16o,3,c,a2,s6,27/07/2023,Lasioglossum calceatum,F,Anthophila
7n,3,af,m3,na,19/04/2023,Lasioglossum calceatum,F,Anthophila
9m,3,af,a2,s7,19/04/2023,Lasioglossum calceatum,F,Anthophila
7p,3,af,m3,na,19/04/2023,Lasioglossum calceatum,F,Anthophila
21c,3,af,m2,na,19/04/2023,Lasioglossum calceatum,F,Anthophila
7o,3,af,m3,na,19/04/2023,Lasioglossum calceatum,F,Anthophila
21k,3,af,a2,s6,19/04/2023,Lasioglossum calceatum,F,Anthophila
20l,3,af,m2,na,19/04/2023,Lasioglossum calceatum,F,Anthophila
12b,3,af,a2,s8,19/04/2023,Lasioglossum calceatum,F,Anthophila
11a,3,af,a2,s1,19/04/2023,Lasioglossum calceatum,F,Anthophila
11o,3,af,a1,s4,19/04/2023,Lasioglossum calceatum,F,Anthophila
5k,3,af,a1,s7,19/04/2023,Lasioglossum calceatum,F,Anthophila
11k,3,af,a2,s5,22/05/2023,Lasioglossum calceatum,F,Anthophila
12a,3,af,a2,s8,19/04/2023,Lasioglossum calceatum,F,Anthophila
22h,3,c,m3,na,19/04/2023,Lasioglossum calceatum,F,Anthophila
7i,3,af,m3,na,19/04/2023,Lasioglossum calceatum,F,Anthophila
5n,3,c,a1,s5,19/04/2023,Lasioglossum calceatum,F,Anthophila
21f,3,af,a2,s6,19/04/2023,Lasioglossum calceatum,F,Anthophila
12j,3,c,a2,s2,19/04/2023,Lasioglossum calceatum,F,Anthophila
22n,3,af,a1,s2,19/04/2023,Lasioglossum calceatum,F,Anthophila
22c,3,af,a2,s6,19/04/2023,Lasioglossum calceatum,F,Anthophila
15m,1,af,a1,s6,25/07/2023,Lasioglossum lativentre,F,Anthophila
13l,1,c,a1,s2,22/05/2023,Lasioglossum lativentre,F,Anthophila
10c,1,af,a2,s1,25/08/2023,Lasioglossum lativentre,M,Anthophila
10i,1,af,a2,s6,25/08/2023,Lasioglossum lativentre,M,Anthophila
14c,1,af,a2,s4,25/08/2023,Lasioglossum lativentre,M,Anthophila
5m,3,c,a1,s2,28/06/2023,Lasioglossum lativentre,F,Anthophila
4o,3,af,a2,s4,30/08/2023,Lasioglossum lativentre,F,Anthophila
5e,1,af,a2,s5,22/05/2023,Lasioglossum leucopus,F,Anthophila
4m,1,af,a1,s4,22/05/2023,Lasioglossum leucopus,F,Anthophila
1n,1,af,a1,s5,25/04/2023,Lasioglossum leucopus,F,Anthophila
2a,1,af,a1,s6,22/05/2023,Lasioglossum leucopus,F,Anthophila
2c,1,af,a1,s7,22/05/2023,Lasioglossum leucopus,F,Anthophila
3a,1,af,a1,s7,22/05/2023,Lasioglossum leucopus,F,Anthophila
1p,1,af,a1,s8,22/05/2023,Lasioglossum leucopus,F,Anthophila
1o,1,af,a1,s6,22/06/2023,Lasioglossum leucopus,F,Anthophila
17q,1,c,a1,s3,22/06/2023,Lasioglossum leucopus,F,Anthophila
3g,1,af,a2,s1,22/05/2023,Lasioglossum leucopus,F,Anthophila
12q,1,af,a2,s8,22/06/2023,Lasioglossum leucopus,M,Anthophila
16b,3,c,a1,s1,28/06/2023,Lasioglossum leucopus,F,Anthophila
7k,3,af,m3,na,19/04/2023,Lasioglossum leucopus,F,Anthophila
19n,3,af,a2,s6,30/08/2023,Lasioglossum leucozonium,M,Anthophila
3r,1,c,a1,s1,22/06/2023,Lasioglossum malachurum,F,Anthophila
13g,1,c,a1,s8,25/08/2023,Lasioglossum malachurum,F,Anthophila
16q,1,c,a1,s4,22/06/2023,Lasioglossum malachurum,F,Anthophila
17b,1,c,a1,s5,25/08/2023,Lasioglossum malachurum,F,Anthophila
10q,1,af,a1,s4,22/06/2023,Lasioglossum malachurum,F,Anthophila
3l,1,c,a2,s5,22/05/2023,Lasioglossum malachurum,F,Anthophila
23h,1,af,a2,s2,22/06/2023,Lasioglossum malachurum,F,Anthophila
11p,1,c,a2,s6,22/06/2023,Lasioglossum malachurum,F,Anthophila
17h,1,c,a2,s4,22/06/2023,Lasioglossum malachurum,F,Anthophila
17a,1,c,a2,s1,22/06/2023,Lasioglossum malachurum,F,Anthophila
3c,1,c,s2,s5,22/05/2023,Lasioglossum malachurum,F,Anthophila
2g,1,c,a1,s5,17/03/2023,Lasioglossum malachurum,F,Anthophila
3d,1,c,a1,s6,17/03/2023,Lasioglossum malachurum,F,Anthophila
12g,1,af,a2,s8,25/04/2023,Lasioglossum malachurum,F,Anthophila
5s,1,af,a1,s4,22/06/2023,Lasioglossum malachurum,F,Anthophila
4a,1,af,a1,s6,22/05/2023,Lasioglossum malachurum,F,Anthophila
3p,1,af,a1,s6,22/06/2023,Lasioglossum malachurum,F,Anthophila
1j,1,af,a1,s6,25/04/2023,Lasioglossum malachurum,F,Anthophila
12k,1,af,a1,s3,25/04/2023,Lasioglossum malachurum,F,Anthophila
5a,1,c,a1,s8,17/03/2023,Lasioglossum malachurum,F,Anthophila
16a,1,c,a2,s1,22/06/2023,Lasioglossum malachurum,F,Anthophila
6a,1,c,a1,s6,22/06/2023,Lasioglossum malachurum,F,Anthophila
17f,1,c,a2,s5,22/06/2023,Lasioglossum malachurum,F,Anthophila
15q,1,c,a2,s1,22/06/2023,Lasioglossum malachurum,F,Anthophila
15p,1,c,a1,s4,22/06/2023,Lasioglossum malachurum,F,Anthophila
15o,1,c,a1,s4,22/06/2023,Lasioglossum malachurum,F,Anthophila
18g,1,c,a1,s2,22/06/2023,Lasioglossum malachurum,F,Anthophila
18l,1,c,a2,s3,22/06/2023,Lasioglossum malachurum,F,Anthophila
18k,1,c,a2,s3,22/06/2023,Lasioglossum malachurum,F,Anthophila
2k,1,c,a2,s7,25/04/2023,Lasioglossum malachurum,F,Anthophila
2b,1,c,a2,s1,25/04/2023,Lasioglossum malachurum,F,Anthophila
2l,1,c,a2,s7,25/04/2023,Lasioglossum malachurum,F,Anthophila
3f,1,c,a1,s6,22/05/2023,Lasioglossum malachurum,F,Anthophila
2j,1,c,a2,s7,25/04/2023,Lasioglossum malachurum,F,Anthophila
5o,1,af,a1,s4,22/06/2023,Lasioglossum malachurum,F,Anthophila
5j,1,af,a2,s6,22/06/2023,Lasioglossum malachurum,F,Anthophila
3j,1,af,a2,s1,22/05/2023,Lasioglossum malachurum,F,Anthophila
17g,1,c,a2,s1,22/06/2023,Lasioglossum malachurum,F,Anthophila
5q,1,c,a2,s8,22/06/2023,Lasioglossum malachurum,F,Anthophila
14j,1,af,a1,s1,22/05/2023,Lasioglossum malachurum,F,Anthophila
16k,1,c,a2,s1,22/06/2023,Lasioglossum malachurum,F,Anthophila
14i,1,af,a1,s1,22/05/2023,Lasioglossum malachurum,F,Anthophila
5r,1,af,a1,s4,22/06/2023,Lasioglossum malachurum,F,Anthophila
1i,1,af,a2,s6,22/06/2023,Lasioglossum malachurum,F,Anthophila
1k,1,af,a1,s4,22/06/2023,Lasioglossum malachurum,F,Anthophila
4l,1,c,a1,s1,17/03/2023,Lasioglossum malachurum,F,Anthophila
17l,1,c,a2,s3,22/06/2023,Lasioglossum malachurum,F,Anthophila
3m,1,c,a1,s1,22/06/2023,Lasioglossum malachurum,F,Anthophila
7f,1,c,a2,s2,25/04/2023,Lasioglossum malachurum,F,Anthophila
3q,1,c,a1,s1,22/06/2023,Lasioglossum malachurum,F,Anthophila
12e,1,c,a1,s3,25/04/2023,Lasioglossum malachurum,F,Anthophila
2h,1,c,a2,s1,25/04/2023,Lasioglossum malachurum,F,Anthophila
7h,1,c,a2,s2,25/04/2023,Lasioglossum malachurum,F,Anthophila
7g,1,c,a2,s2,25/04/2023,Lasioglossum malachurum,F,Anthophila
7q,1,c,a2,s5,25/04/2023,Lasioglossum malachurum,F,Anthophila
14h,1,af,a2,s7,22/06/2023,Lasioglossum malachurum,F,Anthophila
22f,1,af,a2,s2,22/06/2023,Lasioglossum malachurum,F,Anthophila
5h,1,af,a1,s5,25/04/2023,Lasioglossum malachurum,F,Anthophila
23k,1,af,a2,s7,25/04/2023,Lasioglossum malachurum,F,Anthophila
13m,1,af,a1,s1,25/04/2023,Lasioglossum malachurum,F,Anthophila
13o,1,af,a1,s1,25/04/2023,Lasioglossum malachurum,F,Anthophila
13r,1,af,a2,s3,25/04/2023,Lasioglossum malachurum,F,Anthophila
12l,1,af,a1,s3,25/04/2023,Lasioglossum malachurum,F,Anthophila
1m,1,af,a2,s5,25/04/2023,Lasioglossum malachurum,F,Anthophila
23d,1,af,a1,s4,25/04/2023,Lasioglossum malachurum,F,Anthophila
12h,1,af,a2,s8,25/04/2023,Lasioglossum malachurum,F,Anthophila
23e,1,af,a2,s7,25/04/2023,Lasioglossum malachurum,F,Anthophila
22j,1,af,a1,s4,25/04/2023,Lasioglossum malachurum,F,Anthophila
20f,1,af,a2,s6,25/04/2023,Lasioglossum malachurum,F,Anthophila
20d,1,af,a1,s7,25/04/2023,Lasioglossum malachurum,F,Anthophila
16d,1,af,a2,s2,25/04/2023,Lasioglossum malachurum,F,Anthophila
19n,1,af,a1,s7,25/04/2023,Lasioglossum malachurum,F,Anthophila
19p,1,af,a1,s4,25/04/2023,Lasioglossum malachurum,F,Anthophila
2n,1,af,a2,s4,22/05/2023,Lasioglossum malachurum,F,Anthophila
2o,1,af,a2,s4,22/05/2023,Lasioglossum malachurum,F,Anthophila
2p,1,af,a1,s6,22/05/2023,Lasioglossum malachurum,F,Anthophila
9l,1,af,a2,s4,25/04/2023,Lasioglossum malachurum,F,Anthophila
2m,1,af,a2,s4,22/05/2023,Lasioglossum malachurum,F,Anthophila
3i,1,af,a2,s2,22/05/2023,Lasioglossum malachurum,F,Anthophila
16p,1,c,a2,s5,22/06/2023,Lasioglossum malachurum,F,Anthophila
16l,1,c,a2,s4,22/06/2023,Lasioglossum malachurum,F,Anthophila
6p,1,af,a2,s1,22/06/2023,Lasioglossum malachurum,F,Anthophila
6s,1,af,a2,s1,22/06/2023,Lasioglossum malachurum,F,Anthophila
6r,1,af,a2,s1,22/06/2023,Lasioglossum malachurum,F,Anthophila
6o,1,af,a2,s1,22/06/2023,Lasioglossum malachurum,F,Anthophila
6q,1,af,a2,s1,22/06/2023,Lasioglossum malachurum,F,Anthophila
6t,1,af,a2,s1,22/06/2023,Lasioglossum malachurum,F,Anthophila
6h,1,af,a2,s1,22/06/2023,Lasioglossum malachurum,F,Anthophila
6i,1,af,a2,s1,22/06/2023,Lasioglossum malachurum,F,Anthophila
6u,1,af,a2,s1,22/06/2023,Lasioglossum malachurum,F,Anthophila
6k,1,af,a2,s1,22/06/2023,Lasioglossum malachurum,F,Anthophila
13s,1,c,a1,s5,25/04/2023,Lasioglossum malachurum,F,Anthophila
7r,1,c,a2,s5,25/04/2023,Lasioglossum malachurum,F,Anthophila
6l,1,af,a2,s1,22/06/2023,Lasioglossum malachurum,F,Anthophila
4o,1,af,a1,s6,22/06/2023,Lasioglossum malachurum,F,Anthophila
6m,1,af,a2,s1,22/06/2023,Lasioglossum malachurum,F,Anthophila
1l,1,af,a1,s4,22/06/2023,Lasioglossum malachurum,F,Anthophila
6n,1,af,a2,s1,22/06/2023,Lasioglossum malachurum,F,Anthophila
13k,1,af,a1,s5,22/06/2023,Lasioglossum malachurum,F,Anthophila
14g,1,af,a2,s7,22/06/2023,Lasioglossum malachurum,F,Anthophila
14f,1,af,a2,s7,22/06/2023,Lasioglossum malachurum,F,Anthophila
14e,1,af,a2,s7,22/06/2023,Lasioglossum malachurum,F,Anthophila
14d,1,af,a2,s7,22/06/2023,Lasioglossum malachurum,F,Anthophila
12s,1,af,a2,s8,22/06/2023,Lasioglossum malachurum,F,Anthophila
12r,1,af,a2,s8,22/06/2023,Lasioglossum malachurum,F,Anthophila
23m,1,af,a2,s4,22/06/2023,Lasioglossum malachurum,F,Anthophila
23j,1,af,a2,s2,22/06/2023,Lasioglossum malachurum,F,Anthophila
22l,1,af,a2,s2,22/06/2023,Lasioglossum malachurum,F,Anthophila
22o,1,af,a2,s2,22/06/2023,Lasioglossum malachurum,F,Anthophila
23b,1,af,a2,s2,22/06/2023,Lasioglossum malachurum,F,Anthophila
22i,1,af,a2,s2,22/06/2023,Lasioglossum malachurum,F,Anthophila
15b,1,af,a1,s2,22/06/2023,Lasioglossum malachurum,F,Anthophila
15l,1,af,a1,s3,22/06/2023,Lasioglossum malachurum,F,Anthophila
13h,1,af,a1,s5,22/06/2023,Lasioglossum malachurum,F,Anthophila
15n,1,af,a2,s5,22/06/2023,Lasioglossum malachurum,F,Anthophila
22g,1,af,a2,s2,22/06/2023,Lasioglossum malachurum,F,Anthophila
22b,1,af,a1,s7,22/06/2023,Lasioglossum malachurum,F,Anthophila
22a,1,af,a1,s7,22/06/2023,Lasioglossum malachurum,F,Anthophila
21o,1,af,a1,s7,22/06/2023,Lasioglossum malachurum,F,Anthophila
21n,1,af,a1,s7,22/06/2023,Lasioglossum malachurum,F,Anthophila
21m,1,af,a1,s7,22/06/2023,Lasioglossum malachurum,F,Anthophila
20o,1,af,a1,s7,22/06/2023,Lasioglossum malachurum,F,Anthophila
21d,1,af,a1,s7,22/06/2023,Lasioglossum malachurum,F,Anthophila
19k,1,af,a2,s4,22/06/2023,Lasioglossum malachurum,F,Anthophila
21e,1,af,a1,s7,22/06/2023,Lasioglossum malachurum,F,Anthophila
21l,1,af,a1,s7,22/06/2023,Lasioglossum malachurum,F,Anthophila
20b,1,af,a1,s8,22/06/2023,Lasioglossum malachurum,F,Anthophila
20c,1,af,a1,s8,22/06/2023,Lasioglossum malachurum,F,Anthophila
20g,1,af,a1,s8,22/06/2023,Lasioglossum malachurum,F,Anthophila
20h,1,af,a1,s8,22/06/2023,Lasioglossum malachurum,F,Anthophila
20i,1,af,a1,s8,22/06/2023,Lasioglossum malachurum,F,Anthophila
20m,1,af,a1,s7,22/06/2023,Lasioglossum malachurum,F,Anthophila
18m,1,af,a1,s3,22/06/2023,Lasioglossum malachurum,F,Anthophila
20n,1,af,a1,s7,22/06/2023,Lasioglossum malachurum,F,Anthophila
19e,1,af,a2,s4,22/06/2023,Lasioglossum malachurum,F,Anthophila
19f,1,af,a1,s8,22/06/2023,Lasioglossum malachurum,F,Anthophila
19g,1,af,a1,s8,22/06/2023,Lasioglossum malachurum,F,Anthophila
19h,1,af,a1,s8,22/06/2023,Lasioglossum malachurum,F,Anthophila
18j,1,af,a1,s3,22/06/2023,Lasioglossum malachurum,F,Anthophila
21a,1,c,a1,s6,25/04/2023,Lasioglossum malachurum,F,Anthophila
19j,1,af,a2,s4,22/06/2023,Lasioglossum malachurum,F,Anthophila
19l,1,af,a1,s8,22/06/2023,Lasioglossum malachurum,F,Anthophila
18p,1,af,a2,s2,22/06/2023,Lasioglossum malachurum,F,Anthophila
18q,1,af,a2,s2,22/06/2023,Lasioglossum malachurum,F,Anthophila
19m,1,af,a1,s8,22/06/2023,Lasioglossum malachurum,F,Anthophila
19a,1,af,a2,s2,22/06/2023,Lasioglossum malachurum,F,Anthophila
20a,1,af,a2,s4,22/06/2023,Lasioglossum malachurum,F,Anthophila
19b,1,af,a2,s2,22/06/2023,Lasioglossum malachurum,F,Anthophila
19c,1,af,a2,s2,22/06/2023,Lasioglossum malachurum,F,Anthophila
19d,1,af,a2,s4,22/06/2023,Lasioglossum malachurum,F,Anthophila
17m,1,af,a2,s3,22/06/2023,Lasioglossum malachurum,F,Anthophila
17n,1,af,a2,s3,22/06/2023,Lasioglossum malachurum,F,Anthophila
17o,1,af,a2,s3,22/06/2023,Lasioglossum malachurum,F,Anthophila
17j,1,af,a1,s1,22/06/2023,Lasioglossum malachurum,F,Anthophila
17c,1,af,a1,s1,22/06/2023,Lasioglossum malachurum,F,Anthophila
16e,1,af,a1,s1,22/06/2023,Lasioglossum malachurum,F,Anthophila
16f,1,af,a1,s1,22/06/2023,Lasioglossum malachurum,F,Anthophila
16h,1,af,a1,s3,22/06/2023,Lasioglossum malachurum,F,Anthophila
16i,1,af,a2,s5,22/06/2023,Lasioglossum malachurum,F,Anthophila
16m,1,af,a1,s1,22/06/2023,Lasioglossum malachurum,F,Anthophila
15k,1,af,a1,s3,22/06/2023,Lasioglossum malachurum,F,Anthophila
22m,1,c,a2,s3,25/04/2023,Lasioglossum malachurum,F,Anthophila
23c,1,c,a2,s3,25/04/2023,Lasioglossum malachurum,F,Anthophila
21g,1,c,a1,s6,25/04/2023,Lasioglossum malachurum,F,Anthophila
23f,1,c,a2,s6,25/04/2023,Lasioglossum malachurum,F,Anthophila
23i,1,c,a2,s3,25/04/2023,Lasioglossum malachurum,F,Anthophila
22e,1,c,a2,s8,25/04/2023,Lasioglossum malachurum,F,Anthophila
21b,1,c,a1,s6,25/04/2023,Lasioglossum malachurum,F,Anthophila
21h,1,c,a1,s6,25/04/2023,Lasioglossum malachurum,F,Anthophila
21i,1,c,a2,s8,25/04/2023,Lasioglossum malachurum,F,Anthophila
22k,1,c,a2,s6,25/04/2023,Lasioglossum malachurum,F,Anthophila
23l,1,c,a2,s6,25/04/2023,Lasioglossum malachurum,F,Anthophila
22d,1,c,a1,s6,25/04/2023,Lasioglossum malachurum,F,Anthophila
21j,1,c,a1,s6,25/04/2023,Lasioglossum malachurum,F,Anthophila
18n,1,c,a2,s4,25/04/2023,Lasioglossum malachurum,F,Anthophila
18o,1,c,a2,s4,25/04/2023,Lasioglossum malachurum,F,Anthophila
18e,1,c,a1,s7,25/04/2023,Lasioglossum malachurum,F,Anthophila
15f,1,c,a1,s8,25/04/2023,Lasioglossum malachurum,F,Anthophila
15j,1,c,a1,s2,25/04/2023,Lasioglossum malachurum,F,Anthophila
15i,1,c,a1,s2,25/04/2023,Lasioglossum malachurum,F,Anthophila
15h,1,c,a1,s8,25/04/2023,Lasioglossum malachurum,F,Anthophila
15g,1,c,a1,s8,25/04/2023,Lasioglossum malachurum,F,Anthophila
9n,1,c,a1,s1,25/04/2023,Lasioglossum malachurum,F,Anthophila
9o,1,c,a1,s1,25/04/2023,Lasioglossum malachurum,F,Anthophila
2f,1,c,a1,s2,17/03/2023,Lasioglossum malachurum,F,Anthophila
5f,1,c,a1,s7,17/03/2023,Lasioglossum malachurum,F,Anthophila
12d,1,af,a2,s8,25/08/2023,Lasioglossum malachurum,F,Anthophila
12m,1,af,a1,s1,25/07/2023,Lasioglossum malachurum,F,Anthophila
4q,1,c,a1,s8,17/03/2023,Lasioglossum malachurum,F,Anthophila
12o,1,af,a1,s1,25/07/2023,Lasioglossum malachurum,F,Anthophila
4j,1,c,a1,s2,17/03/2023,Lasioglossum malachurum,F,Anthophila
5g,1,c,a1,s7,17/03/2023,Lasioglossum malachurum,F,Anthophila
4p,1,c,a1,s4,17/03/2023,Lasioglossum malachurum,F,Anthophila
4k,1,c,a1,s6,17/03/2023,Lasioglossum malachurum,F,Anthophila
5c,1,c,a1,s7,17/03/2023,Lasioglossum malachurum,F,Anthophila
2e,1,c,a1,s7,17/03/2023,Lasioglossum malachurum,F,Anthophila
4e,1,c,a2,s1,17/03/2023,Lasioglossum malachurum,F,Anthophila
5b,1,c,a1,s7,17/03/2023,Lasioglossum malachurum,F,Anthophila
12i,1,af,a2,s8,25/04/2023,Lasioglossum malachurum,F,Anthophila
5d,1,af,a2,s8,17/03/2023,Lasioglossum malachurum,F,Anthophila
3h,1,af,a2,s1,17/03/2023,Lasioglossum malachurum,F,Anthophila
4i,1,af,a1,s7,17/03/2023,Lasioglossum malachurum,F,Anthophila
4s,1,af,a1,s8,17/03/2023,Lasioglossum malachurum,F,Anthophila
10h,1,af,a2,s6,25/08/2023,Lasioglossum malachurum,M,Anthophila
10m,1,c,a1,s1,25/08/2023,Lasioglossum malachurum,M,Anthophila
10n,1,c,a1,s3,25/08/2023,Lasioglossum malachurum,M,Anthophila
13a,2,c,a2,s8,29/06/2023,Lasioglossum malachurum,F,Anthophila
17k,2,c,a2,s4,29/06/2023,Lasioglossum malachurum,F,Anthophila
11e,2,c,a1,s8,20/04/2023,Lasioglossum malachurum,F,Anthophila
7d,2,c,a1,s8,20/04/2023,Lasioglossum malachurum,F,Anthophila
14b,2,c,a1,s6,20/04/2023,Lasioglossum malachurum,F,Anthophila
6b,2,c,a2,s6,31/08/2023,Lasioglossum malachurum,F,Anthophila
1h,2,c,a1,s5,29/06/2023,Lasioglossum malachurum,F,Anthophila
18f,2,af,a1,s3,29/06/2023,Lasioglossum malachurum,F,Anthophila
9b,2,af,a1,s3,24/05/2023,Lasioglossum malachurum,F,Anthophila
8f,2,af,a1,s1,20/04/2023,Lasioglossum malachurum,F,Anthophila
11I,3,C,A1,S3,28/06/2023,Lasioglossum malachurum,F,Anthophila
11H,3,C,A1,S3,28/06/2023,Lasioglossum malachurum,F,Anthophila
12F,3,AF,A1,S7,28/06/2023,Lasioglossum malachurum,F,Anthophila
18C,3,AF,M1,na,19/04/2023,Lasioglossum malachurum,F,Anthophila
16c,3,c,a1,s1,28/06/2023,Lasioglossum malachurum,F,Anthophila
18d,3,af,m1,na,19/04/2023,Lasioglossum malachurum,F,Anthophila
6e,3,c,a2,s1,30/08/2023,Lasioglossum malachurum,F,Anthophila
10l,3,c,a1,s1,30/08/2023,Lasioglossum malachurum,M,Anthophila
4n,1,af,a1,s6,22/05/2023,Lasioglossum minutissimum,F,Anthophila
14l,1,af,a1,s1,22/05/2023,Lasioglossum minutissimum,F,Anthophila
14k,1,af,a1,s1,22/05/2023,Lasioglossum minutissimum,F,Anthophila
11c,1,c,a1,s2,25/08/2023,Lasioglossum morio,F,Anthophila
16j,1,c,a1,s4,22/06/2023,Lasioglossum morio,F,Anthophila
11n,3,af,a1,s2,22/03/2023,Lasioglossum morio,F,Anthophila
7b,3,af,a1,s1,28/06/2023,Lasioglossum morio,F,Anthophila
2i,1,af,a2,s1,22/05/2023,Lasioglossum pauxillum,F,Anthophila
1d,1,af,a2,s1,25/08/2023,Lasioglossum pauxillum,F,Anthophila
4r,1,c,a1,s3,22/05/2023,Lasioglossum pauxillum,F,Anthophila
3b,1,c,a1,s1,22/06/2023,Lasioglossum pauxillum,F,Anthophila
3n,1,af,a1,s4,22/05/2023,Lasioglossum pauxillum,F,Anthophila
1f,1,af,a2,s3,25/07/2023,Lasioglossum pauxillum,F,Anthophila
4d,1,af,a1,s6,22/05/2023,Lasioglossum pauxillum,F,Anthophila
1e,1,af,a2,s1,25/08/2023,Lasioglossum pauxillum,F,Anthophila
6j,1,af,a2,s1,22/06/2023,Lasioglossum pauxillum,F,Anthophila
1c,1,af,a2,s3,25/08/2023,Lasioglossum pauxillum,F,Anthophila
4c,1,af,a1,s6,22/06/2023,Lasioglossum pauxillum,F,Anthophila
15o,1,af,a1,s2,22/06/2023,Lasioglossum pauxillum,F,Anthophila
4b,1,af,a1,s3,25/07/2023,Lasioglossum pauxillum,F,Anthophila
7l,1,af,a1,s5,25/08/2023,Lasioglossum pauxillum,F,Anthophila
15e,1,af,a1,s2,22/06/2023,Lasioglossum pauxillum,F,Anthophila
12n,1,af,a1,s1,25/07/2023,Lasioglossum pauxillum,F,Anthophila
12c,1,af,a1,s2,22/05/2023,Lasioglossum pauxillum,F,Anthophila
17e,1,af,a1,s6,25/07/2023,Lasioglossum pauxillum,F,Anthophila
14n,1,af,a2,s1,25/07/2023,Lasioglossum pauxillum,F,Anthophila
14m,1,af,a2,s1,25/07/2023,Lasioglossum pauxillum,F,Anthophila
4h,1,af,a1,s6,22/06/2023,Lasioglossum pauxillum,F,Anthophila
9d,2,af,a2,s7,24/05/2023,Lasioglossum pauxillum,F,Anthophila
 9i,2,af,a2,s3,24/05/2023,Lasioglossum pauxillum,F,Anthophila
8q,2,af,a1,s2,24/05/2023,Lasioglossum pauxillum,F,Anthophila
9k,2,af,a1,s6,24/05/2023,Lasioglossum pauxillum,F,Anthophila
9a,2,af,a2,s7,24/05/2023,Lasioglossum pauxillum,F,Anthophila
8c,2,af,a1,s1,29/06/2023,Lasioglossum pauxillum,F,Anthophila
8b,2,af,a1,s5,29/06/2023,Lasioglossum pauxillum,F,Anthophila
18h,2,af,a1,s7,29/06/2023,Lasioglossum pauxillum,F,Anthophila
23g,2,af,a2,s6,29/06/2023,Lasioglossum pauxillum,F,Anthophila
8n,2,af,a1,s5,29/06/2023,Lasioglossum pauxillum,F,Anthophila
20j,2,af,a2,s5,29/06/2023,Lasioglossum pauxillum,F,Anthophila
8g,2,c,a1,s7,24/05/2023,Lasioglossum pauxillum,F,Anthophila
14o,2,c,a1,s3,24/05/2023,Lasioglossum pauxillum,F,Anthophila
14p,2,c,a1,s3,24/05/2023,Lasioglossum pauxillum,F,Anthophila
8a,2,c,a1,s6,24/05/2023,Lasioglossum pauxillum,F,Anthophila
8r,2,c,a1,s5,24/05/2023,Lasioglossum pauxillum,F,Anthophila
17p,2,c,a1,s3,29/06/2023,Lasioglossum pauxillum,F,Anthophila
9q,2,c,a1,s7,29/06/2023,Lasioglossum pauxillum,F,Anthophila
8s,2,c,a1,s7,29/06/2023,Lasioglossum pauxillum,F,Anthophila
13c,2,c,a2,s2,29/06/2023,Lasioglossum pauxillum,F,Anthophila
8j,2,c,a2,s2,24/05/2023,Lasioglossum pauxillum,F,Anthophila
8d,2,c,a1,s7,29/06/2023,Lasioglossum pauxillum,F,Anthophila
17d,2,c,a1,s2,29/06/2023,Lasioglossum pauxillum,F,Anthophila
8e,2,c,a1,s7,29/06/2023,Lasioglossum pauxillum,F,Anthophila
9g,2,c,a1,s8,24/05/2023,Lasioglossum pauxillum,F,Anthophila
8m,2,c,a2,s1,24/05/2023,Lasioglossum pauxillum,F,Anthophila
8l,2,c,a1,s1,24/05/2023,Lasioglossum pauxillum,F,Anthophila
8o,2,af,a2,s7,24/05/2023,Lasioglossum pauxillum,F,Anthophila
20e,3,af,m2,na,19/04/2023,Lasioglossum pauxillum,F,Anthophila
11j,3,af,a1,s8,22/05/2023,Lasioglossum pauxillum,F,Anthophila
20k,3,af,m2,na,19/04/2023,Lasioglossum pauxillum,F,Anthophila
11g,3,af,a1,s5,22/03/2023,Lasioglossum pauxillum,F,Anthophila
13i,3,af,a1,s1,19/04/2023,Lasioglossum pauxillum,F,Anthophila
11m,3,af,a1,s6,22/03/2023,Lasioglossum pauxillum,F,Anthophila
7a,3,af,a1,s1,28/06/2023,Lasioglossum pauxillum,F,Anthophila
11r,3,af,a2,s8,19/04/2023,Lasioglossum pauxillum,F,Anthophila
19o,2,af,a2,s5,29/06/2023,Lasioglossum puncticolle,F,Anthophila
6g,2,af,a2,s3,29/06/2023,Lasioglossum puncticolle,F,Anthophila
14a,2,af,a2,s8,28/07/2023,Lasioglossum puncticolle,F,Anthophila
23a,2,af,a2,s6,29/06/2023,Lasioglossum puncticolle,F,Anthophila
19i,2,af,a2,s5,29/06/2023,Lasioglossum puncticolle,F,Anthophila
6d,2,c,a1,s6,31/08/2023,Lasioglossum puncticolle,F,Anthophila
9e,2,c,a1,s8,24/05/2023,Lasioglossum puncticolle,F,Anthophila
13e,2,c,a2,s4,24/05/2023,Lasioglossum puncticolle,F,Anthophila
12t,2,af,a2,s1,29/06/2023,Lasioglossum puncticolle,F,Anthophila
1b,2,c,a1,s1,31/08/2023,Lasioglossum puncticolle,F,Anthophila
6f,2,c,a2,s6,31/08/2023,Lasioglossum puncticolle,F,Anthophila
16g,2,c,a1,s4,31/08/2023,Lasioglossum puncticolle,F,Anthophila
10g,2,c,a1,s8,31/08/2023,Lasioglossum puncticolle,M,Anthophila
16n,2,c,a1,s4,31/08/2023,Lasioglossum puncticolle,M,Anthophila
10f,2,c,a1,s1,31/08/2023,Lasioglossum puncticolle,M,Anthophila
10e,2,c,a1,s5,31/08/2023,Lasioglossum puncticolle,M,Anthophila
10d,2,c,a2,s5,31/08/2023,Lasioglossum puncticolle,M,Anthophila
9r,2,c,a2,s8,31/08/2023,Lasioglossum puncticolle,M,Anthophila
10a,2,c,a2,s8,31/08/2023,Lasioglossum puncticolle,M,Anthophila
10o,2,c,a2,s6,31/08/2023,Lasioglossum puncticolle,M,Anthophila
10k,2,c,a1,s6,31/08/2023,Lasioglossum puncticolle,M,Anthophila
13f,2,c,a2,s7,31/08/2023,Lasioglossum puncticolle,M,Anthophila
10b,2,c,a2,s8,31/08/2023,Lasioglossum puncticolle,M,Anthophila
10p,2,c,a1,s1,31/08/2023,Lasioglossum puncticolle,M,Anthophila
13d,3,af,a1,s4,28/06/2023,Lasioglossum puncticolle,F,Anthophila
18b,3,af,m1,na,19/04/2023,Lasioglossum puncticolle,F,Anthophila
12p,1,af,a1,s1,25/07/2023,Lasioglossum villosulum,F,Anthophila
13n,1,c,a1,s2,22/05/2023,Lasioglossum villosulum,F,Anthophila
4g,1,af,a2,s7,25/07/2023,Lasioglossum villosulum,F,Anthophila
2q,1,af,a1,s5,22/05/2023,Lasioglossum villosulum,F,Anthophila
2s,1,af,a2,s6,22/05/2023,Lasioglossum villosulum,F,Anthophila
15d,1,af,a1,s2,22/06/2023,Lasioglossum villosulum,M,Anthophila
5l,2,af,a2,s6,24/05/2023,Lasioglossum villosulum,F,Anthophila
7c,2,af,a1,s6,28/07/2023,Lasioglossum villosulum,F,Anthophila
6c,2,c,a2,s6,31/08/2023,Lasioglossum villosulum,F,Anthophila
17i,2,c,a2,s3,31/08/2023,Lasioglossum villosulum,F,Anthophila
1g,2,c,a2,s8,31/08/2023,Lasioglossum villosulum,F,Anthophila
11b,3,af,a2,s1,19/04/2023,Lasioglossum villosulum,F,Anthophila
11f,3,af,a2,s4,28/06/2023,Lasioglossum villosulum,F,Anthophila
10j,3,af,a1,s8,30/08/2023,Lasioglossum villosulum,M,Anthophila
4p,3,af,a1,s8,30/08/2023,Lasioglossum xanthopus,F,Anthophila
11d,3,af,a2,s1,19/04/2023,Lasioglossum xanthopus,F,Anthophila
19D,1,c,a1,s6,25/08/2023,Megachile centuncularis,M,Anthophila
16e,1,c,a2,s8,25/04/2023,Melanostoma mellinum,m,Syrphidae
10l,2,af,a2,s8,31/08/2023,Melanostoma mellinum,f,Syrphidae
4s,3,af,a1,s5,30/08/2023,Melanostoma mellinum,m,Syrphidae
4q,3,af,a2,s5,30/08/2023,Melanostoma mellinum,f,Syrphidae
3k,1,af,a2,s3,25/08/2023,Merodontini strigatus,NA,Syrphidae
17h,3,af,a1,s2,19/04/2023,Neoascia podagrica,NA,Syrphidae
20f,3,c,m3,na,19/04/2023,Neoascia tenur,f,Syrphidae
20e,3,c,m3,na,19/04/2023,Neoascia tenur,f,Syrphidae
8s,3,c,a2,s5,19/04/2023,Neoascia tenur,f,Syrphidae
12c,3,af,a1,s6,19/04/2023,Neoascia tenur,f,Syrphidae
3H,1,af,a1,s4,25/04/2023,Nomada fabriciana,F,Anthophila
1N,1,af,a2,s4,25/04/2023,Nomada fabriciana,F,Anthophila
1I,1,af,a1,s5,25/04/2023,Nomada fabriciana,F,Anthophila
2C,1,c,a1,s4,22/05/2023,Nomada fabriciana,F,Anthophila
2L,1,c,a1,s8,22/06/2023,Nomada fabriciana,F,Anthophila
1F,1,c,a1,s6,22/05/2023,Nomada fabriciana,F,Anthophila
3I,1,c,a2,s6,25/04/2023,Nomada fabriciana,F,Anthophila
4C,1,c,a2,s4,25/04/2023,Nomada fabriciana,F,Anthophila
2A,1,af,a1,s5,25/08/2023,Nomada fabriciana,F,Anthophila
2D,1,af,a2,s4,25/04/2023,Nomada fabriciana,F,Anthophila
1P,1,af,a1,s5,25/08/2023,Nomada fabriciana,F,Anthophila
2E,1,af,a1,s3,25/04/2023,Nomada fabriciana,F,Anthophila
1J,1,af,a1,s4,25/08/2023,Nomada fabriciana,F,Anthophila
3J,1,af,a1,s4,25/04/2023,Nomada fabriciana,F,Anthophila
2H,1,af,a2,s8,25/04/2023,Nomada fabriciana,F,Anthophila
2B,3,af,a2,s1,19/04/2023,Nomada fabriciana,F,Anthophila
3C,3,af,m2,na,19/04/2023,Nomada fabriciana,F,Anthophila
1L,3,af,a1,s7,19/04/2023,Nomada fabriciana,F,Anthophila
2N,3,c,a2,s4,19/04/2023,Nomada fabriciana,F,Anthophila
3A,3,af,m2,na,19/04/2023,Nomada fabriciana,F,Anthophila
3D,3,af,m2,na,19/04/2023,Nomada fabriciana,F,Anthophila
3K,3,af,a1,s2,19/04/2023,Nomada fabriciana,F,Anthophila
2O,3,af,m1,na,19/04/2023,Nomada fabriciana,F,Anthophila
2F,3,c,a2,s2,19/04/2023,Nomada fabriciana,F,Anthophila
3B,3,af,m2,na,19/04/2023,Nomada fabriciana,F,Anthophila
4B,3,af,a2,s4,19/04/2023,Nomada fabriciana,M,Anthophila
1K,3,af,a1,s3,19/04/2023,Nomada fabriciana,F,Anthophila
2P,3,af,m1,na,19/04/2023,Nomada fabriciana,F,Anthophila
1H,3,c,a1,s2,28/06/2023,Nomada fabriciana,F,Anthophila
2I,3,af,a2,s8,19/04/2023,Nomada fabriciana,F,Anthophila
4A,3,af,a2,s4,19/04/2023,Nomada fabriciana,F,Anthophila
2J,3,af,a1,s1,19/04/2023,Nomada fabriciana,F,Anthophila
2M,3,af,a1,s8,19/04/2023,Nomada fabriciana,F,Anthophila
1O,3,af,a2,s3,19/04/2023,Nomada fabriciana,F,Anthophila
3F,1,af,a1,s4,25/04/2023,Nomada flavoguttata,F,Anthophila
3E,1,af,a1,s7,25/04/2023,Nomada flavoguttata,F,Anthophila
1B,1,c,a2,s1,25/04/2023,Nomada flavoguttata,F,Anthophila
1D,1,c,a2,s7,25/04/2023,Nomada flavoguttata,F,Anthophila
1C,1,c,a2,s1,25/04/2023,Nomada flavoguttata,F,Anthophila
3L,1,c,a2,s3,25/04/2023,Nomada flavoguttata,F,Anthophila
3G,1,c,a2,s6,25/04/2023,Nomada flavoguttata,F,Anthophila
1E,1,c,a2,s7,25/04/2023,Nomada flavoguttata,F,Anthophila
2G,1,af,a2,s8,25/04/2023,Nomada flavoguttata,F,Anthophila
1G,2,c,a2,s2,24/05/2023,Nomada flavoguttata,F,Anthophila
2K,3,af,a1,s1,19/04/2023,Nomada flavoguttata,F,Anthophila
3O,3,af,a2,s4,19/04/2023,Nomada flavoguttata,F,Anthophila
3M,3,af,a2,s4,19/04/2023,Nomada flavoguttata,F,Anthophila
1M,3,af,a1,s3,19/04/2023,Nomada flavoguttata,F,Anthophila
3N,3,af,a2,s4,19/04/2023,Nomada flavoguttata,F,Anthophila
1A,1,af,a2,s6,22/05/2023,Nomada ruficornis,F,Anthophila
11q,1,c,a1,s5,25/08/2023,Platycheirus albimanus,f,Syrphidae
3c,1,af,a1,s8,25/07/2023,Platycheirus manicatus,f,Syrphidae
8d,3,c,a1,s7,27/07/2023,Platycheirus manicatus,f,Syrphidae
8t,3,c,a1,s7,27/07/2023,Platycheirus manicatus,f,Syrphidae
8n,3,c,a1,s7,27/07/2023,Platycheirus manicatus,f,Syrphidae
14f,3,c,a2,s6,27/07/2023,Platycheirus manicatus,f,Syrphidae
8q,3,c,a1,s7,27/07/2023,Platycheirus manicatus,f,Syrphidae
1g,3,c,a1,s2,27/07/2023,Platycheirus manicatus,f,Syrphidae
8j,3,c,a1,s7,27/07/2023,Platycheirus manicatus,f,Syrphidae
1l,3,c,a2,s7,27/07/2023,Platycheirus manicatus,f,Syrphidae
13h,1,c,a2,s4,25/08/2023,Platycheirus peltatus,m,Syrphidae
4l,2,c,a1,s1,29/06/2023,Scaeva pyrastri,NA,Syrphidae
11o,2,c,a1,s2,29/06/2023,Scaeva pyrastri,NA,Syrphidae
18b,2,af,a2,s6,29/06/2023,Scaeva pyrastri,NA,Syrphidae
13g,1,c,a1,s7,25/08/2023,Sphaerophoria ,f,Syrphidae
11r,1,c,a1,s5,25/08/2023,Sphaerophoria ,f,Syrphidae
5a,1,c,a1,s7,25/07/2023,Sphaerophoria ,f,Syrphidae
10f,1,c,a1,s5,25/04/2023,Sphaerophoria ,f,Syrphidae
14k,1,af,a1,s3,25/08/2023,Sphaerophoria ,f,Syrphidae
3d,1,af,a2,s7,25/07/2023,Sphaerophoria ,f,Syrphidae
2p,1,af,a1,s7,25/08/2023,Sphaerophoria ,f,Syrphidae
2r,1,af,a1,s4,25/08/2023,Sphaerophoria ,f,Syrphidae
13b,1,c,a2,s5,25/08/2023,Sphaerophoria ,f,Syrphidae
13a,1,c,a2,s5,25/08/2023,Sphaerophoria ,f,Syrphidae
10q,2,c,a1,s4,29/06/2023,Sphaerophoria ,f,Syrphidae
4d,2,c,a2,s7,28/07/2023,Sphaerophoria ,f,Syrphidae
11h,2,c,a1,s4,31/08/2023,Sphaerophoria ,f,Syrphidae
7g,2,af,a1,s5,29/06/2023,Sphaerophoria ,f,Syrphidae
1a,2,af,a1,s8,31/08/2023,Sphaerophoria ,f,Syrphidae
9j,2,c,a2,s4,31/08/2023,Sphaerophoria ,f,Syrphidae
4p,2,af,a2,s7,28/07/2023,Sphaerophoria ,f,Syrphidae
7o,2,af,a2,s7,31/08/2023,Sphaerophoria ,f,Syrphidae
15d,2,af,a2,s4,29/06/2023,Sphaerophoria ,f,Syrphidae
5b,2,af,a1,s6,28/07/2023,Sphaerophoria ,f,Syrphidae
1e,2,af,a1,s6,31/08/2023,Sphaerophoria ,f,Syrphidae
1d,2,af,a2,s2,31/08/2023,Sphaerophoria ,f,Syrphidae
1c,2,af,a2,s4,31/08/2023,Sphaerophoria ,f,Syrphidae
11j,2,c,a2,s3,31/08/2023,Sphaerophoria ,f,Syrphidae
16j,2,af,a2,s6,31/08/2023,Sphaerophoria ,f,Syrphidae
2c,2,c,a2,s6,31/08/2023,Sphaerophoria ,f,Syrphidae
10p,2,af,a2,s3,20/04/2023,Sphaerophoria ,f,Syrphidae
8l,2,af,a1,s4,20/04/2023,Sphaerophoria ,f,Syrphidae
2l,2,c,a2,s8,31/08/2023,Sphaerophoria ,f,Syrphidae
2o,2,c,a2,s8,31/08/2023,Sphaerophoria ,f,Syrphidae
8h,2,c,a2,s5,20/04/2023,Sphaerophoria ,f,Syrphidae
2b,2,af,a2,s6.2,20/04/2023,Sphaerophoria ,f,Syrphidae
8f,2,af,a2,s6,20/04/2023,Sphaerophoria ,f,Syrphidae
14i,2,af,a1,s7,29/06/2023,Sphaerophoria ,f,Syrphidae
16k,2,af,a2,s6,31/08/2023,Sphaerophoria ,f,Syrphidae
3a,2,af,a2,s3,31/08/2023,Sphaerophoria ,f,Syrphidae
16l,2,af,a2,s6,31/08/2023,Sphaerophoria ,f,Syrphidae
4r,2,af,a2,s5,31/08/2023,Sphaerophoria ,f,Syrphidae
10n,2,af,a2,s8,31/08/2023,Sphaerophoria ,f,Syrphidae
10m,2,af,a2,s8,31/08/2023,Sphaerophoria ,f,Syrphidae
7p,2,af,a2,s7,31/08/2023,Sphaerophoria ,f,Syrphidae
16f,2,af,a2,s6,31/08/2023,Sphaerophoria ,f,Syrphidae
16g,2,af,a2,s6,31/08/2023,Sphaerophoria ,f,Syrphidae
13i,3,c,a1,s1,28/06/2023,Sphaerophoria ,f,Syrphidae
5f,3,c,a2,s6,28/06/2023,Sphaerophoria ,f,Syrphidae
9d,3,c,a1,s3,27/07/2023,Sphaerophoria ,f,Syrphidae
12a,3,c,a1,s1,19/04/2023,Sphaerophoria ,f,Syrphidae
4t,3,c,a2,s8,27/07/2023,Sphaerophoria ,f,Syrphidae
1f,1,c,a1,s3,25/08/2023,Sphaerophoria scripta,f,Syrphidae
13f,1,c,a1,s7,25/08/2023,Sphaerophoria scripta,m,Syrphidae
14l,1,af,a1,s3,25/08/2023,Sphaerophoria scripta,m,Syrphidae
18e,1,af,a2,s7,25/04/2023,Sphaerophoria scripta,m,Syrphidae
13c,1,c,a2,s5,25/08/2023,Sphaerophoria scripta,m,Syrphidae
11p,1,c,a1,s5,25/08/2023,Sphaerophoria scripta,m,Syrphidae
8i,1,af,a1,s6,25/08/2023,Sphaerophoria scripta,m,Syrphidae
7j,2,af,a1,s5,29/06/2023,Sphaerophoria scripta,m,Syrphidae
6n,2,c,a1,s2,28/07/2023,Sphaerophoria scripta,m,Syrphidae
8e,2,af,a2,s7,31/08/2023,Sphaerophoria scripta,m,Syrphidae
10o,2,c,a2,s3,28/07/2023,Sphaerophoria scripta,m,Syrphidae
16h,2,af,a2,s6,31/08/2023,Sphaerophoria scripta,m,Syrphidae
16i,2,af,a2,s6,31/08/2023,Sphaerophoria scripta,m,Syrphidae
2s,2,c,a1,s5,31/08/2023,Sphaerophoria scripta,m,Syrphidae
9k,2,c,a2,s7,31/08/2023,Sphaerophoria scripta,m,Syrphidae
12b,3,af,a1,s6,19/04/2023,Sphaerophoria scripta,m,Syrphidae
21a,3,c,m2,na,19/04/2023,Sphaerophoria scripta,m,Syrphidae
19c,3,af,m2,na,19/04/2023,Sphaerophoria scripta,m,Syrphidae
20d,3,c,m3,na,19/04/2023,Sphaerophoria scripta,m,Syrphidae
20b,3,c,m2,na,19/04/2023,Sphaerophoria scripta,m,Syrphidae
1p,3,af,a1,s7,19/04/2023,Sphaerophoria scripta,m,Syrphidae
1o,3,af,a1,s7,19/04/2023,Sphaerophoria scripta,m,Syrphidae
6e,2,af,a2,s1,28/07/2023,Syrphus ribesi,m,Syrphidae
11i,2,c,a1,s4,31/08/2023,Syrphus ribesi,f,Syrphidae
5j,2,af,a2,s3,29/06/2023,Syrphus ribesi,f,Syrphidae
1b,2,af,a2,s4,31/08/2023,Syrphus ribesi,f,Syrphidae
5e,3,af,a2,s2,27/07/2023,Syrphus ribesi,m,Syrphidae
1j,3,af,a1,s2,28/06/2023,Unidenfitied Eupeodes genus.,m,Syrphidae
8k,2,c,a1,s7,29/06/2023,Unidentifiable,na,NA
6a,2,af,a2,s1,20/04/2023,Unidentified bacchini genus.,f,Syrphidae
9b,3,c,a1,s1,27/07/2023,Unidentified bacchini genus.,m,Syrphidae
3i,1,af,a1,s4,22/05/2023,Unidentified Spherophoria spp.,m,Syrphidae
3h,1,c,a2,s5,22/05/2023,Unidentified Spherophoria spp.,m,Syrphidae
3l,3,c,a1,s8,27/07/2023,Unidentified Spherophoria spp.,m,Syrphidae